Rank,Game,Month,Year,Hours_watched,Hours_streamed,Peak_viewers,Peak_channels,Streamers,Avg_viewers,Avg_channels,Avg_viewer_ratio,Date
1,League of Legends,January,2016,94377226,1362044,530270,2903,129172,127021,1833,69.29000092,January 2016
2,Counter-Strike: Global Offensive,January,2016,47832863,830105,372654,2197,120849,64378,1117,57.61999893,January 2016
3,Dota 2,January,2016,45185893,433397,315083,1100,44074,60815,583,104.2600021,January 2016
4,Hearthstone,January,2016,39936159,235903,131357,517,36170,53749,317,169.2899933,January 2016
5,Call of Duty: Black Ops III,January,2016,16153057,1151578,71639,3620,214054,21740,1549,14.02999973,January 2016
6,Minecraft,January,2016,10231056,490002,64432,1538,88820,13769,659,20.87999916,January 2016
7,World of Warcraft,January,2016,8771452,342978,46130,1180,33375,11805,461,25.56999969,January 2016
8,Z1: Battle Royale,January,2016,7894571,205569,41588,460,21396,10625,276,38.40000153,January 2016
9,Talk Shows & Podcasts,January,2016,7688369,53235,84051,148,10779,10347,71,144.4199982,January 2016
10,FIFA 16,January,2016,6988475,203646,145728,756,46462,9405,274,34.31999969,January 2016
1,League of Legends,February,2016,93154772,1266715,475784,2712,117996,134035,1822,73.54000092,February 2016
2,Counter-Strike: Global Offensive,February,2016,44933218,754901,235027,2097,106074,64652,1086,59.52000046,February 2016
3,Dota 2,February,2016,41174229,384500,241065,1015,36912,59243,553,107.0899963,February 2016
4,Hearthstone,February,2016,39982412,200632,117067,498,29785,57528,288,199.2799988,February 2016
5,Call of Duty: Black Ops III,February,2016,18200850,1392300,95397,4443,225521,26188,2003,13.06999969,February 2016
6,Minecraft,February,2016,8965231,440549,68098,1441,77621,12899,633,20.35000038,February 2016
7,Talk Shows & Podcasts,February,2016,7582957,54181,106073,154,10865,10910,77,139.9600067,February 2016
8,Z1: Battle Royale,February,2016,7135033,190551,48867,442,19414,10266,274,37.43999863,February 2016
9,XCOM 2,February,2016,6399599,101051,76838,782,9604,9208,145,63.33000183,February 2016
10,World of Warcraft,February,2016,6330745,289330,29872,1179,28060,9108,416,21.87999916,February 2016
1,League of Legends,March,2016,94514511,1264029,599114,2585,117734,127206,1701,74.76999664,March 2016
2,Counter-Strike: Global Offensive,March,2016,71963213,742531,784934,1940,104144,96854,999,96.91999817,March 2016
3,Dota 2,March,2016,42565423,363215,339020,952,34612,57288,488,117.1900024,March 2016
4,Hearthstone,March,2016,39270352,208497,250667,464,29672,52853,280,188.3500061,March 2016
5,Tom Clancy's The Division,March,2016,19700030,1008790,159832,5280,158048,26514,1357,19.53000069,March 2016
6,Call of Duty: Black Ops III,March,2016,14304986,1237908,118602,3819,209865,19253,1666,11.56000042,March 2016
7,Minecraft,March,2016,10030905,448411,90527,1438,78524,13500,603,22.37000084,March 2016
8,Talk Shows & Podcasts,March,2016,7691155,58526,106016,165,11144,10351,78,131.4100037,March 2016
9,World of Warcraft,March,2016,6873120,295301,45853,1078,28167,9250,397,23.27000046,March 2016
10,Stardew Valley,March,2016,5925311,137735,50884,375,15288,7974,185,43.02000046,March 2016
1,League of Legends,April,2016,88389049,1217250,553165,2945,113251,122933,1692,72.61000061,April 2016
2,Counter-Strike: Global Offensive,April,2016,71723213,721644,1059002,2119,97614,99754,1003,99.38999939,April 2016
3,Dota 2,April,2016,42691310,319832,341103,815,30056,59375,444,133.4799957,April 2016
4,Hearthstone,April,2016,41457117,229985,280643,1220,33921,57659,319,180.2599945,April 2016
5,Dark Souls III,April,2016,17979317,749702,103991,3238,94233,25006,1042,23.97999954,April 2016
6,Call of Duty: Black Ops III,April,2016,14608621,1188774,157156,3583,194704,20317,1653,12.28999996,April 2016
7,World of Warcraft,April,2016,7675362,283609,55342,1011,27131,10675,394,27.05999947,April 2016
8,Minecraft,April,2016,7605339,416176,61290,1398,72014,10577,578,18.27000046,April 2016
9,Tom Clancy's The Division,April,2016,7062036,542007,37151,1651,72495,9822,753,13.02999973,April 2016
10,Talk Shows & Podcasts,April,2016,6623058,54802,54860,181,11123,9211,76,120.8499985,April 2016
1,League of Legends,May,2016,80679320,1196096,433005,2635,118593,108585,1609,67.44999695,May 2016
2,Hearthstone,May,2016,49474945,232247,154779,615,36024,66588,312,213.0299988,May 2016
3,Dota 2,May,2016,46816065,310231,321688,778,31165,63009,417,150.9100037,May 2016
4,Counter-Strike: Global Offensive,May,2016,44882927,663528,347527,1856,101483,60407,893,67.63999939,May 2016
5,Overwatch,May,2016,22098050,834402,302141,9741,140615,29741,1123,26.47999954,May 2016
6,Call of Duty: Black Ops III,May,2016,11921661,1027566,75069,2986,187445,16045,1382,11.60000038,May 2016
7,World of Warcraft,May,2016,8532283,277450,57379,1008,29295,11483,373,30.75,May 2016
8,Dark Souls III,May,2016,7436193,393112,35278,1576,60299,10008,529,18.92000008,May 2016
9,Minecraft,May,2016,6848639,407008,41069,1215,77629,9217,547,16.82999992,May 2016
10,RuneScape,May,2016,5948742,83171,48463,183,8633,8006,111,71.51999664,May 2016
1,League of Legends,June,2016,81348505,1037242,346059,2131,102620,113141,1442,78.43000031,June 2016
2,Dota 2,June,2016,56363873,272972,483285,675,27730,78392,379,206.4799957,June 2016
3,Counter-Strike: Global Offensive,June,2016,36137071,576786,226858,1615,86923,50260,802,62.65000153,June 2016
4,Hearthstone,June,2016,35460014,185031,139821,452,26446,49318,257,191.6399994,June 2016
5,Overwatch,June,2016,30041625,1141859,105075,3428,152548,41782,1588,26.30999947,June 2016
6,E3 2016,June,2016,13564832,16151,891816,980,2537,18866,22,839.8800049,June 2016
7,Dead by Daylight,June,2016,13469660,118198,79013,548,15205,18733,164,113.9599991,June 2016
8,Call of Duty: Black Ops III,June,2016,11470501,870831,110659,2445,152477,15953,1211,13.17000008,June 2016
9,World of Warcraft,June,2016,7683385,285629,43534,928,29549,10686,397,26.89999962,June 2016
10,Minecraft,June,2016,7333796,440946,54277,1208,83314,10199,613,16.62999916,June 2016
1,League of Legends,July,2016,77871713,1004238,296196,2089,105041,104807,1351,77.54000092,July 2016
2,Counter-Strike: Global Offensive,July,2016,52953297,596141,726674,1441,94538,71269,802,88.83000183,July 2016
3,Dota 2,July,2016,32509829,277739,200212,807,29653,43754,373,117.0500031,July 2016
4,Hearthstone,July,2016,31656051,164588,148537,372,24532,42605,221,192.3399963,July 2016
5,Overwatch,July,2016,24928646,813972,82786,2220,126978,33551,1095,30.62999916,July 2016
6,Call of Duty: Black Ops III,July,2016,11777817,997130,77658,4122,188845,15851,1342,11.81000042,July 2016
7,Dead by Daylight,July,2016,10180914,136616,64718,323,14656,13702,183,74.51999664,July 2016
8,World of Warcraft,July,2016,9957230,304908,73797,870,32835,13401,410,32.65999985,July 2016
9,Minecraft,July,2016,7577550,444318,47731,1056,90671,10198,598,17.04999924,July 2016
10,Pok<U+00E9>mon GO,July,2016,7495080,51037,81781,199,8607,10087,68,146.8600006,July 2016
1,League of Legends,August,2016,81684707,1097258,502181,2177,105795,109939,1476,74.44000244,August 2016
2,Dota 2,August,2016,52492132,289605,623824,796,29645,70648,389,181.25,August 2016
3,Hearthstone,August,2016,35713094,172547,108194,414,24739,48066,232,206.9799957,August 2016
4,Counter-Strike: Global Offensive,August,2016,26252677,642691,152628,1595,91934,35333,864,40.84999847,August 2016
5,World of Warcraft,August,2016,20187726,478771,227428,4567,47423,27170,644,42.16999817,August 2016
6,Overwatch,August,2016,18643208,678192,92808,1740,109939,25091,912,27.48999977,August 2016
7,No Man's Sky,August,2016,10901214,410662,218360,4689,69859,14671,552,26.54999924,August 2016
8,Call of Duty: Black Ops III,August,2016,8721779,896236,129778,2100,159672,11738,1206,9.729999542,August 2016
9,Dead by Daylight,August,2016,8124026,147501,54616,473,14161,10934,198,55.08000183,August 2016
10,Talk Shows & Podcasts,August,2016,7736040,60460,71960,166,14009,10411,81,127.9499969,August 2016
1,League of Legends,September,2016,81064642,1087244,711103,2493,110946,112746,1512,74.55999756,September 2016
2,Hearthstone,September,2016,33618619,165899,119151,380,24349,46757,230,202.6499939,September 2016
3,Counter-Strike: Global Offensive,September,2016,30761358,548932,305793,1610,85839,42783,763,56.04000092,September 2016
4,World of Warcraft,September,2016,27553668,719139,111546,3452,60610,38322,1000,38.31000137,September 2016
5,Dota 2,September,2016,24806196,296977,99044,768,30396,34500,413,83.52999878,September 2016
6,Overwatch,September,2016,15244235,624055,74964,2022,108359,21201,867,24.43000031,September 2016
7,Call of Duty: Black Ops III,September,2016,10988908,743777,167067,3062,150152,15283,1034,14.77000046,September 2016
8,Destiny,September,2016,10026708,783390,140031,5970,90958,13945,1089,12.80000019,September 2016
9,Z1: Battle Royale,September,2016,6942562,145560,67500,464,16038,9655,202,47.70000076,September 2016
10,Talk Shows & Podcasts,September,2016,5224099,54465,321911,283,13774,7265,75,95.91999817,September 2016
1,League of Legends,October,2016,104305242,1155966,952308,2591,111071,140383,1555,90.23000336,October 2016
2,Hearthstone,October,2016,35799234,168565,192995,381,23322,48182,226,212.3800049,October 2016
3,Counter-Strike: Global Offensive,October,2016,35446861,577243,336075,1646,86193,47707,776,61.40999985,October 2016
4,Dota 2,October,2016,33623777,305625,217120,860,28069,45254,411,110.0199966,October 2016
5,World of Warcraft,October,2016,18819570,597772,105419,2324,49782,25329,804,31.47999954,October 2016
6,Overwatch,October,2016,14653679,620097,118438,2047,95883,19722,834,23.62999916,October 2016
7,Z1: Battle Royale,October,2016,13079022,276605,60722,595,27505,17602,372,47.27999878,October 2016
8,Destiny,October,2016,9845775,822454,92396,2568,85869,13251,1106,11.97000027,October 2016
9,FIFA 17,October,2016,8999455,213882,56735,903,40416,12112,287,42.08000183,October 2016
10,Battlefield 1,October,2016,7950877,282887,80858,1548,68653,10701,380,28.11000061,October 2016
1,League of Legends,November,2016,76730765,1127714,263539,2903,103085,106718,1568,68.04000092,November 2016
2,Hearthstone,November,2016,41273855,181727,331248,405,23170,57404,252,227.1199951,November 2016
3,Dota 2,November,2016,33372697,296445,173538,879,25369,46415,412,112.5800018,November 2016
4,Counter-Strike: Global Offensive,November,2016,32928974,574651,219844,1669,77914,45798,799,57.29999924,November 2016
5,Overwatch,November,2016,20378464,676432,247288,2089,105104,28342,940,30.12999916,November 2016
6,World of Warcraft,November,2016,15045660,499425,89235,1926,40077,20925,694,30.12999916,November 2016
7,Z1: Battle Royale,November,2016,14572679,288916,67772,651,26552,20267,401,50.43999863,November 2016
8,FIFA 17,November,2016,8091939,150101,78113,505,24943,11254,208,53.90999985,November 2016
9,Talk Shows & Podcasts,November,2016,7632798,70422,75991,203,13719,10615,97,108.3899994,November 2016
10,Minecraft,November,2016,7606529,284458,82474,943,47055,10579,395,26.73999977,November 2016
1,League of Legends,December,2016,81349398,1241696,323032,2562,36118,109487,1671,65.51000214,December 2016
2,Hearthstone,December,2016,50374964,207578,226842,691,11857,67799,279,242.6799927,December 2016
3,Dota 2,December,2016,44984545,302113,431587,816,8792,60544,406,148.8999939,December 2016
4,Counter-Strike: Global Offensive,December,2016,30576246,594414,240717,1731,27104,41152,800,51.43999863,December 2016
5,Overwatch,December,2016,22178852,857811,90315,2288,35354,29850,1154,25.86000061,December 2016
6,Z1: Battle Royale,December,2016,15992121,370148,84161,882,10169,21523,498,43.20000076,December 2016
7,World of Warcraft,December,2016,12099784,455806,52035,1678,14620,16285,613,26.54999924,December 2016
8,Talk Shows & Podcasts,December,2016,8466074,75155,242891,271,4732,11394,101,112.6500015,December 2016
9,Minecraft,December,2016,8004324,323333,72870,944,14232,10772,435,24.76000023,December 2016
10,FIFA 17,December,2016,7866974,167248,62984,591,7465,10588,225,47.04000092,December 2016
1,League of Legends,January,2017,99332369,1363324,379399,2868,129423,133690,1834,72.86000061,January 2017
2,Counter-Strike: Global Offensive,January,2017,72376812,694606,1233293,2177,110118,97411,934,104.1999969,January 2017
3,Dota 2,January,2017,39036428,359580,231960,877,33380,52538,483,108.5599976,January 2017
4,Hearthstone,January,2017,37651061,179394,97854,415,24800,50674,241,209.8800049,January 2017
5,Overwatch,January,2017,25700463,972764,88338,2423,149853,34590,1309,26.42000008,January 2017
6,Z1: Battle Royale,January,2017,20399947,482900,70909,1139,47926,27456,649,42.24000168,January 2017
7,World of Warcraft,January,2017,12870858,547096,45003,2634,43302,17322,736,23.53000069,January 2017
8,Resident Evil 7 biohazard,January,2017,10247987,285149,224481,3497,58099,13792,383,35.93999863,January 2017
9,Minecraft,January,2017,10054852,360769,91193,1134,68114,13532,485,27.87000084,January 2017
10,FIFA 17,January,2017,9150705,182753,144454,717,36055,12315,245,50.06999969,January 2017
1,League of Legends,February,2017,99415477,1209135,386334,2770,114317,148160,1801,82.22000122,February 2017
2,Counter-Strike: Global Offensive,February,2017,40480425,677884,459482,2078,100125,60328,1010,59.72000122,February 2017
3,Hearthstone,February,2017,33345362,149527,142596,368,19906,49695,222,223.0099945,February 2017
4,Dota 2,February,2017,32115223,326907,220700,1063,29259,47861,487,98.23999786,February 2017
5,Overwatch,February,2017,18544200,778498,77354,2230,120815,27636,1160,23.81999969,February 2017
6,Z1: Battle Royale,February,2017,16749125,455409,91212,1184,44100,24961,678,36.77999878,February 2017
7,For Honor,February,2017,15365455,381434,124182,2064,60525,22899,568,40.27999878,February 2017
8,World of Warcraft,February,2017,11513629,476595,36882,1879,37872,17158,710,24.15999985,February 2017
9,Conan Exiles,February,2017,8971753,141072,102398,775,12519,13370,210,63.59999847,February 2017
10,Nioh,February,2017,8630424,199161,93044,1211,20721,12862,296,43.33000183,February 2017
1,League of Legends,March,2017,90835130,1189566,325835,2465,96112,122254,1601,76.36000061,March 2017
2,Hearthstone,March,2017,38782039,169481,241636,387,18841,52196,228,228.8300018,March 2017
3,Dota 2,March,2017,38381634,333056,325165,1228,24240,51657,448,115.2399979,March 2017
4,Counter-Strike: Global Offensive,March,2017,36870753,703107,508269,2086,84382,49624,946,52.43999863,March 2017
5,PLAYERUNKNOWN'S BATTLEGROUNDS,March,2017,24877888,289011,150320,1629,26794,33483,388,86.08000183,March 2017
6,Overwatch,March,2017,22579043,918777,98176,2808,102428,30389,1236,24.57999992,March 2017
7,The Legend of Zelda: Breath of the Wild,March,2017,14298988,233071,148409,1408,11788,19244,313,61.34999847,March 2017
8,Z1: Battle Royale,March,2017,12668373,468314,56523,1053,39334,17050,630,27.04999924,March 2017
9,World of Warcraft,March,2017,9118258,456697,29497,1606,31735,12272,614,19.96999931,March 2017
10,IRL,March,2017,8885471,105182,59522,237,18103,11958,141,84.48000336,March 2017
1,League of Legends,April,2017,82852693,1179314,489683,2540,97370,115233,1640,70.25,April 2017
2,Hearthstone,April,2017,53390683,222096,277440,843,26529,74256,308,240.3899994,April 2017
3,Dota 2,April,2017,49040667,284239,671452,923,21427,68206,395,172.5299988,April 2017
4,PLAYERUNKNOWN'S BATTLEGROUNDS,April,2017,46239261,840827,143613,2120,64430,64310,1169,54.99000168,April 2017
5,Counter-Strike: Global Offensive,April,2017,36569260,630577,417435,1805,82803,50861,877,57.99000168,April 2017
6,Overwatch,April,2017,21200021,857974,123529,2814,99965,29485,1193,24.70999908,April 2017
7,Grand Theft Auto V,April,2017,15428827,276137,146629,831,43573,21458,384,55.86999893,April 2017
8,IRL,April,2017,10710385,126735,58627,299,20962,14896,176,84.51000214,April 2017
9,World of Warcraft,April,2017,9155878,436828,39841,1524,32234,12734,607,20.95999908,April 2017
10,Destiny,April,2017,7791063,944296,24898,2872,63558,10835,1313,8.25,April 2017
1,League of Legends,May,2017,87929525,1231374,647413,2498,121711,118343,1657,71.41000366,May 2017
2,PLAYERUNKNOWN'S BATTLEGROUNDS,May,2017,47210587,1082310,320280,2350,98114,63540,1456,43.61999893,May 2017
3,Hearthstone,May,2017,39409029,183267,127946,418,25786,53040,246,215.0399933,May 2017
4,Dota 2,May,2017,34349470,312599,215761,860,28614,46230,420,109.8799973,May 2017
5,Counter-Strike: Global Offensive,May,2017,23364660,614559,194589,1671,101064,31446,827,38.02000046,May 2017
6,Overwatch,May,2017,20539723,885655,89639,2585,140295,27644,1191,23.19000053,May 2017
7,Grand Theft Auto V,May,2017,19879433,304565,122577,792,61165,26755,409,65.26999664,May 2017
8,IRL,May,2017,11126763,157096,58141,319,29968,14975,211,70.83000183,May 2017
9,Heroes of the Storm,May,2017,10386926,264633,63509,703,36453,13979,356,39.25,May 2017
10,World of Warcraft,May,2017,8179253,425025,30738,1551,37316,11008,572,19.23999977,May 2017
1,League of Legends,June,2017,84467396,1149523,280837,2330,116484,117478,1598,73.48000336,June 2017
2,PLAYERUNKNOWN'S BATTLEGROUNDS,June,2017,45650866,1212289,148584,2888,114736,63492,1686,37.65999985,June 2017
3,Dota 2,June,2017,41458911,303654,337968,933,28415,57661,422,136.5299988,June 2017
4,Hearthstone,June,2017,28109979,146305,86315,337,20548,39095,203,192.1300049,June 2017
5,Overwatch,June,2017,22749333,982803,68705,3561,148384,31640,1366,23.14999962,June 2017
6,Counter-Strike: Global Offensive,June,2017,21829455,566198,284324,1474,98244,30360,787,38.54999924,June 2017
7,E3 2017,June,2017,14332396,27200,1105343,2142,5199,19933,37,526.9299927,June 2017
8,Grand Theft Auto V,June,2017,13928987,381643,76057,1320,74434,19372,530,36.5,June 2017
9,IRL,June,2017,13084778,184764,62089,419,33253,18198,256,70.81999969,June 2017
10,World of Warcraft,June,2017,10237012,453104,50661,2504,38995,14237,630,22.59000015,June 2017
1,League of Legends,July,2017,84734733,1301262,326063,2481,125411,114044,1751,65.12000275,July 2017
2,Counter-Strike: Global Offensive,July,2017,68139030,625409,945413,1574,105071,91707,841,108.9499969,July 2017
3,PLAYERUNKNOWN'S BATTLEGROUNDS,July,2017,60967100,1703176,203409,3507,151978,82055,2292,35.79999924,July 2017
4,Hearthstone,July,2017,27058958,162367,141493,352,21973,36418,218,166.6499939,July 2017
5,Dota 2,July,2017,24378147,322095,111186,825,29425,32810,433,75.69000244,July 2017
6,Overwatch,July,2017,19496787,875038,92616,1985,135242,26240,1177,22.28000069,July 2017
7,Grand Theft Auto V,July,2017,15528826,389718,71728,906,71008,20900,524,39.84999847,July 2017
8,IRL,July,2017,14872286,235492,181216,456,45656,20016,316,63.15000153,July 2017
9,World of Warcraft,July,2017,11158771,508288,50871,1860,41261,15018,684,21.95000076,July 2017
10,Heroes of the Storm,July,2017,6056462,134515,24523,287,14874,8151,181,45.02000046,July 2017
1,PLAYERUNKNOWN'S BATTLEGROUNDS,August,2017,73809309,1970087,450958,4067,176534,99339,2651,37.45999908,August 2017
2,League of Legends,August,2017,72054710,1260651,343402,2668,121195,96978,1696,57.15999985,August 2017
3,Dota 2,August,2017,58671453,303454,845577,704,28695,78965,408,193.3500061,August 2017
4,Hearthstone,August,2017,43216654,223822,212440,785,30196,58165,301,193.0800018,August 2017
5,Counter-Strike: Global Offensive,August,2017,20163803,642880,209561,1588,105110,27138,865,31.36000061,August 2017
6,IRL,August,2017,17541662,251302,184959,672,48281,23609,338,69.80000305,August 2017
7,Overwatch,August,2017,17443046,856247,116664,2629,131260,23476,1152,20.37000084,August 2017
8,Grand Theft Auto V,August,2017,10709895,340624,62151,906,60106,14414,458,31.44000053,August 2017
9,Path of Exile,August,2017,9993986,243592,85576,1522,19258,13450,327,41.02999878,August 2017
10,World of Warcraft,August,2017,9335595,451582,51350,1565,38208,12564,607,20.67000008,August 2017
1,League of Legends,September,2017,74422199,1229324,377429,2620,118820,103507,1709,60.54000092,September 2017
2,PLAYERUNKNOWN'S BATTLEGROUNDS,September,2017,73072371,1967541,216000,4354,178706,101630,2736,37.13999939,September 2017
3,Hearthstone,September,2017,38277477,185610,127786,408,24288,53237,258,206.2299957,September 2017
4,Dota 2,September,2017,29046828,301995,206831,718,26486,40398,420,96.18000031,September 2017
5,Counter-Strike: Global Offensive,September,2017,27290465,557376,287694,1521,91958,37956,775,48.95999908,September 2017
6,Destiny 2,September,2017,18927348,1504205,203487,14140,131862,26324,2092,12.57999992,September 2017
7,IRL,September,2017,17603478,258070,137735,558,47742,24483,358,68.20999908,September 2017
8,Overwatch,September,2017,16746745,758045,65265,2655,111470,23291,1054,22.09000015,September 2017
9,World of Warcraft,September,2017,11502481,465017,66513,1677,38641,15997,646,24.73999977,September 2017
10,Grand Theft Auto V,September,2017,8896769,276611,48385,835,45911,12373,384,32.15999985,September 2017
1,League of Legends,October,2017,94680105,1322094,873340,2848,125262,127429,1779,71.61000061,October 2017
2,PLAYERUNKNOWN'S BATTLEGROUNDS,October,2017,60931920,1780287,182187,3696,169434,82007,2396,34.22999954,October 2017
3,Hearthstone,October,2017,33234073,176326,202918,442,22526,44729,237,188.4799957,October 2017
4,Dota 2,October,2017,31623627,315955,279878,750,27120,42562,425,100.0899963,October 2017
5,Counter-Strike: Global Offensive,October,2017,28388369,593047,576773,1645,95811,38207,798,47.86999893,October 2017
6,IRL,October,2017,24099295,283249,213906,618,52232,32435,381,85.08000183,October 2017
7,FIFA 18,October,2017,16986546,278408,86579,974,47647,22862,374,61.00999832,October 2017
8,Fortnite,October,2017,16155246,982236,79181,2325,162863,21743,1321,16.45000076,October 2017
9,Warframe,October,2017,14855223,222729,88701,718,25376,19993,299,66.69999695,October 2017
10,Overwatch,October,2017,14579938,729063,70145,2659,109231,19623,981,20,October 2017
1,League of Legends,November,2017,82917485,1342443,1084257,2869,130486,115323,1867,61.77000046,November 2017
2,PLAYERUNKNOWN'S BATTLEGROUNDS,November,2017,49626208,1516141,218135,3136,149718,69021,2108,32.72999954,November 2017
3,Dota 2,November,2017,39629718,342701,227242,826,28991,55117,476,115.6399994,November 2017
4,Hearthstone,November,2017,27488520,187988,135561,403,23373,38231,261,146.2200012,November 2017
5,Counter-Strike: Global Offensive,November,2017,25703362,574183,287276,1552,91409,35748,798,44.77000046,November 2017
6,IRL,November,2017,23862898,315714,100262,748,54932,33189,439,75.58000183,November 2017
7,Fortnite,November,2017,23390963,990352,147556,2593,148535,32532,1377,23.62000084,November 2017
8,Overwatch,November,2017,22309745,835413,329834,2057,112654,31028,1161,26.70999908,November 2017
9,Call of Duty: WWII,November,2017,18227493,532162,126011,2811,124774,25351,740,34.25,November 2017
10,World of Warcraft,November,2017,17687599,537709,114050,3142,45047,24600,747,32.88999939,November 2017
1,League of Legends,December,2017,68756773,1385791,324792,3235,137669,92539,1865,49.61999893,December 2017
2,PLAYERUNKNOWN'S BATTLEGROUNDS,December,2017,55364282,1992300,279435,4821,214751,74514,2681,27.79000092,December 2017
3,Hearthstone,December,2017,42788719,275070,201846,1538,35232,57589,370,155.5599976,December 2017
4,Dota 2,December,2017,32147397,357781,293383,815,30493,43267,481,89.84999847,December 2017
5,Fortnite,December,2017,32129147,1478632,126805,3848,208677,43242,1990,21.72999954,December 2017
6,IRL,December,2017,29371295,373338,172282,1123,65199,39530,502,78.66999817,December 2017
7,Counter-Strike: Global Offensive,December,2017,18625865,642004,229676,1738,103821,25068,864,29.01000023,December 2017
8,Overwatch,December,2017,17837670,875780,85699,2399,118792,24007,1178,20.37000084,December 2017
9,World of Warcraft,December,2017,14161787,628940,54073,2497,48039,19060,846,22.52000046,December 2017
10,Grand Theft Auto V,December,2017,10773689,368062,93433,1189,61016,14500,495,29.27000046,December 2017
1,League of Legends,January,2018,89024896,1774648,435859,4809,165074,119818,2388,50.15999985,January 2018
2,Counter-Strike: Global Offensive,January,2018,69603467,784226,1298358,1978,125843,93678,1055,88.75,January 2018
3,PLAYERUNKNOWN'S BATTLEGROUNDS,January,2018,53793909,2405462,192427,5100,252217,72400,3237,22.36000061,January 2018
4,Fortnite,January,2018,45936666,2363181,196517,6418,302468,61825,3180,19.44000053,January 2018
5,Hearthstone,January,2018,35066069,240711,286606,487,31766,47195,323,145.6799927,January 2018
6,Overwatch,January,2018,32620891,1118103,461851,2940,142342,43904,1504,29.18000031,January 2018
7,IRL,January,2018,31183351,432761,230845,1019,75863,41969,582,72.05999756,January 2018
8,Dota 2,January,2018,30921434,409908,182289,909,34045,41617,551,75.44000244,January 2018
9,Sea of Thieves,January,2018,14474914,79736,261898,900,11327,19481,107,181.5399933,January 2018
10,Grand Theft Auto V,January,2018,12936876,384142,59852,1045,58405,17411,517,33.68000031,January 2018
1,League of Legends,February,2018,81115898,1565610,305040,3531,145155,120888,2333,51.81000137,February 2018
2,Fortnite,February,2018,65693934,3446094,261996,10523,400784,97904,5135,19.05999947,February 2018
3,PLAYERUNKNOWN'S BATTLEGROUNDS,February,2018,43383131,1919967,482947,4482,203898,64654,2861,22.60000038,February 2018
4,Counter-Strike: Global Offensive,February,2018,37486546,778934,360635,2315,120998,55866,1160,48.13000107,February 2018
5,Dota 2,February,2018,32977773,385397,285802,966,32216,49147,574,85.56999969,February 2018
6,IRL,February,2018,28528282,416996,96698,904,73216,42516,621,68.41000366,February 2018
7,Hearthstone,February,2018,27966290,190562,89010,446,26634,41678,283,146.7599945,February 2018
8,Overwatch,February,2018,26713493,898701,226758,2491,125449,39811,1339,29.71999931,February 2018
9,World of Warcraft,February,2018,15185590,626222,85439,2268,49978,22631,933,24.25,February 2018
10,Grand Theft Auto V,February,2018,14628223,312072,82575,937,43582,21800,465,46.86999893,February 2018
1,Fortnite,March,2018,118391174,6062527,862789,17082,741423,159342,8159,19.53000069,March 2018
2,League of Legends,March,2018,88820363,1589810,362400,3212,147060,119542,2139,55.86999893,March 2018
3,PLAYERUNKNOWN'S BATTLEGROUNDS,March,2018,47105925,2008073,325535,4278,210438,63399,2702,23.45999908,March 2018
4,Dota 2,March,2018,40110394,421360,397940,1473,34579,53984,567,95.19000244,March 2018
5,Overwatch,March,2018,32053648,991752,239954,2852,135198,43140,1334,32.31999969,March 2018
6,IRL,March,2018,31689349,485470,134195,998,83712,42650,653,65.27999878,March 2018
7,Counter-Strike: Global Offensive,March,2018,28078226,790038,490657,2336,121083,37790,1063,35.54000092,March 2018
8,Hearthstone,March,2018,28074224,189812,149880,399,26716,37784,255,147.9100037,March 2018
9,Sea of Thieves,March,2018,15566926,543198,255998,4908,66327,20951,731,28.65999985,March 2018
10,World of Warcraft,March,2018,11303385,628242,56918,2139,48940,15213,845,17.98999977,March 2018
1,Fortnite,April,2018,128654925,7309656,657462,18292,877646,178935,10166,17.60000038,April 2018
2,League of Legends,April,2018,74263170,1459786,476710,3849,138062,103286,2030,50.86999893,April 2018
3,PLAYERUNKNOWN'S BATTLEGROUNDS,April,2018,49618853,1803794,282830,6473,195230,69010,2508,27.51000023,April 2018
4,Hearthstone,April,2018,43002088,265242,309090,2277,37164,59808,368,162.1199951,April 2018
5,Dota 2,April,2018,40141922,401310,310168,1386,32117,55830,558,100.0299988,April 2018
6,IRL,April,2018,37007537,521953,147414,1103,90526,51470,725,70.90000153,April 2018
7,Overwatch,April,2018,31997018,929152,191674,3111,130461,44502,1292,34.43999863,April 2018
8,Counter-Strike: Global Offensive,April,2018,22925690,661902,321506,1869,105690,31885,920,34.63999939,April 2018
9,God of War,April,2018,20301689,542900,292083,5006,67022,28236,755,37.38999939,April 2018
10,World of Warcraft,April,2018,12359684,586630,93738,2054,47290,17190,815,21.06999969,April 2018
1,Fortnite,May,2018,144602326,7645739,576926,18000,930299,194619,10290,18.90999985,May 2018
2,League of Legends,May,2018,82088339,1442403,504394,2820,140412,110482,1941,56.90999985,May 2018
3,PLAYERUNKNOWN'S BATTLEGROUNDS,May,2018,44171705,1497470,221743,3227,163947,59450,2015,29.5,May 2018
4,IRL,May,2018,40665268,558617,247304,1135,97063,54731,751,72.80000305,May 2018
5,Dota 2,May,2018,39064436,427341,363879,1210,33916,52576,575,91.41000366,May 2018
6,Hearthstone,May,2018,33731225,203153,95676,483,27186,45398,273,166.0399933,May 2018
7,Overwatch,May,2018,31493400,958542,201890,2982,135510,42386,1290,32.86000061,May 2018
8,Counter-Strike: Global Offensive,May,2018,26429452,612457,242438,1566,103243,35571,824,43.15000153,May 2018
9,World of Warcraft,May,2018,13250690,565591,70073,2032,46595,17834,761,23.43000031,May 2018
10,Grand Theft Auto V,May,2018,11678663,306957,76870,881,44093,15718,413,38.04999924,May 2018
1,Fortnite,June,2018,126859989,6797681,1460297,23749,847488,176439,9454,18.65999985,June 2018
2,League of Legends,June,2018,72491544,1327229,241343,3310,136011,100822,1845,54.61999893,June 2018
3,Dota 2,June,2018,48098529,420651,341454,1126,34627,66896,585,114.3399963,June 2018
4,IRL,June,2018,43901596,598500,165033,1285,111721,61059,832,73.34999847,June 2018
5,PLAYERUNKNOWN'S BATTLEGROUNDS,June,2018,37488642,1369697,197029,3026,149726,52139,1905,27.37000084,June 2018
6,Hearthstone,June,2018,27629483,172087,101753,417,22763,38427,239,160.5599976,June 2018
7,E3 2018,June,2018,23459443,64970,1817345,5125,13346,32627,90,361.0799866,June 2018
8,Overwatch,June,2018,23127738,802496,220801,1875,119586,32166,1116,28.81999969,June 2018
9,Counter-Strike: Global Offensive,June,2018,21897817,600193,262105,1578,105655,30455,834,36.47999954,June 2018
10,Realm Royale,June,2018,18412090,486172,195317,2408,88418,25607,676,37.86999893,June 2018
1,Fortnite,July,2018,152086231,8073931,827125,19495,945248,204692,10866,18.84000015,July 2018
2,League of Legends,July,2018,75783584,1363386,229347,2772,138178,101996,1834,55.58000183,July 2018
3,IRL,July,2018,48077856,688271,159265,1327,128913,64707,926,69.84999847,July 2018
4,PLAYERUNKNOWN'S BATTLEGROUNDS,July,2018,44205504,1449520,579861,3330,146943,59495,1950,30.5,July 2018
5,Dota 2,July,2018,28746933,439102,150725,1068,35388,38690,590,65.47000122,July 2018
6,Hearthstone,July,2018,27860407,177948,115029,367,23172,37497,239,156.5599976,July 2018
7,Counter-Strike: Global Offensive,July,2018,26762517,691064,237413,1641,115318,36019,930,38.72999954,July 2018
8,Overwatch,July,2018,25211255,971524,344591,2360,131507,33931,1307,25.95000076,July 2018
9,World of Warcraft,July,2018,22008322,624059,128223,1843,56431,29620,839,35.27000046,July 2018
10,Grand Theft Auto V,July,2018,16164631,450846,67222,1572,68131,21755,606,35.84999847,July 2018
1,Fortnite,August,2018,131436549,8166820,687062,17450,974227,176899,10991,16.09000015,August 2018
2,League of Legends,August,2018,81349939,1475806,1029879,2773,144072,109488,1986,55.11999893,August 2018
3,Dota 2,August,2018,69776434,439437,749471,1102,36075,93911,591,158.7899933,August 2018
4,World of Warcraft,August,2018,56190633,1424162,590245,15619,95903,75626,1916,39.45999908,August 2018
5,IRL,August,2018,48746637,690507,264068,1406,132462,65607,929,70.59999847,August 2018
6,Hearthstone,August,2018,37810708,233110,251577,1932,30887,50889,313,162.1999969,August 2018
7,PLAYERUNKNOWN'S BATTLEGROUNDS,August,2018,35480394,1356731,143941,2918,137405,47752,1826,26.14999962,August 2018
8,Overwatch,August,2018,23090495,983482,135822,2413,137844,31077,1323,23.47999954,August 2018
9,Counter-Strike: Global Offensive,August,2018,21697899,760366,187317,1846,121482,29203,1023,28.54000092,August 2018
10,Grand Theft Auto V,August,2018,15273574,460256,60680,1214,70607,20556,619,33.18000031,August 2018
1,Fortnite,September,2018,106325201,7407787,743971,20180,900461,147879,10302,14.35000038,September 2018
2,League of Legends,September,2018,76553910,1513086,412412,3123,144060,106472,2104,50.59000015,September 2018
3,Counter-Strike: Global Offensive,September,2018,70564750,703957,827050,1939,114229,98142,979,100.2399979,September 2018
4,World of Warcraft,September,2018,47191970,1314172,308114,6322,88373,65635,1827,35.90999985,September 2018
5,IRL,September,2018,36570260,564084,138512,1664,113466,50862,784,64.83000183,September 2018
6,Dota 2,September,2018,29712186,431392,161988,1271,34706,41324,599,68.87999725,September 2018
7,PLAYERUNKNOWN'S BATTLEGROUNDS,September,2018,26960453,1087252,193470,2568,109844,37497,1512,24.79999924,September 2018
8,Hearthstone,September,2018,24201284,156904,80211,385,20633,33659,218,154.2400055,September 2018
9,Overwatch,September,2018,20588095,903065,123275,2959,122273,28634,1256,22.79999924,September 2018
10,Destiny 2,September,2018,19960983,1087238,181929,8097,108813,27762,1512,18.36000061,September 2018
1,Fortnite,October,2018,112125020,6638650,591205,20952,822907,150908,8934,16.88999939,October 2018
2,League of Legends,October,2018,109191567,1632742,911568,3439,152293,146960,2197,66.87999725,October 2018
3,Call of Duty: Black Ops 4,October,2018,63497103,1738513,449597,13323,322306,85460,2339,36.52000046,October 2018
4,Just Chatting,October,2018,37306055,443473,156436,1163,76354,50210,596,84.12000275,October 2018
5,Dota 2,October,2018,35260281,451820,211365,1313,34965,47456,608,78.04000092,October 2018
6,World of Warcraft,October,2018,25504161,899771,110915,3543,66777,34325,1210,28.35000038,October 2018
7,Counter-Strike: Global Offensive,October,2018,24204390,719986,221263,1958,113472,32576,969,33.61999893,October 2018
8,PLAYERUNKNOWN'S BATTLEGROUNDS,October,2018,23301686,920520,143135,2184,92249,31361,1238,25.30999947,October 2018
9,Hearthstone,October,2018,22217280,157677,82400,494,19632,29902,212,140.8999939,October 2018
10,Red Dead Redemption 2,October,2018,19530383,566971,382860,8785,88742,26285,763,34.45000076,October 2018
1,Fortnite,November,2018,107793716,6629217,1077180,34564,800661,149921,9220,16.26000023,November 2018
2,League of Legends,November,2018,82622624,1664025,1147825,4981,164208,114913,2314,49.65000153,November 2018
3,Just Chatting,November,2018,45819619,533962,227149,1213,91574,63726,742,85.80999756,November 2018
4,Dota 2,November,2018,44638253,451289,353055,1331,36356,62083,627,98.91000366,November 2018
5,Call of Duty: Black Ops 4,November,2018,30382428,1214075,179723,4249,254921,42256,1688,25.03000069,November 2018
6,Counter-Strike: Global Offensive,November,2018,26556456,709424,308216,1993,110383,36935,986,37.43000031,November 2018
7,Overwatch,November,2018,21844731,924630,259787,2133,129623,30382,1285,23.62999916,November 2018
8,PLAYERUNKNOWN'S BATTLEGROUNDS,November,2018,20467118,754094,97870,1772,74828,28466,1048,27.13999939,November 2018
9,World of Warcraft,November,2018,19390576,670937,266514,2629,54828,26968,933,28.89999962,November 2018
10,Hearthstone,November,2018,18915131,146158,96121,317,19968,26307,203,129.4199982,November 2018
1,Fortnite,December,2018,118143183,9027163,418403,22408,1013029,159008,12149,13.09000015,December 2018
2,League of Legends,December,2018,72074851,1762468,341821,3480,174717,97005,2372,40.88999939,December 2018
3,Just Chatting,December,2018,54386753,684341,223139,1847,115690,73198,921,79.47000122,December 2018
4,Dota 2,December,2018,32966244,465590,255770,1310,37524,44369,626,70.80999756,December 2018
5,Hearthstone,December,2018,31137256,189076,205322,1181,25679,41907,254,164.6799927,December 2018
6,PLAYERUNKNOWN'S BATTLEGROUNDS,December,2018,28179756,1061107,124698,2399,112351,37926,1428,26.55999947,December 2018
7,Counter-Strike: Global Offensive,December,2018,25568114,874586,273822,3173,150135,34411,1177,29.22999954,December 2018
8,Super Smash Bros. Ultimate,December,2018,24333134,343187,226029,3619,33515,32749,461,70.90000153,December 2018
9,Atlas,December,2018,19340577,150944,318887,2104,14786,26030,203,128.1300049,December 2018
10,Call of Duty: Black Ops 4,December,2018,18623672,1209316,207622,3893,175422,25065,1627,15.39999962,December 2018
1,Fortnite,January,2019,126502656,10205058,649136,56274,1013016,170259,13734,12.39999962,January 2019
2,League of Legends,January,2019,98976171,2245379,400257,6079,197058,133211,3022,44.08000183,January 2019
3,Just Chatting,January,2019,59064487,803672,184542,1757,134201,79494,1081,73.48999786,January 2019
4,Dota 2,January,2019,46512393,546394,444825,1462,42722,62600,735,85.12999725,January 2019
5,Counter-Strike: Global Offensive,January,2019,30778297,1051447,187678,2895,159310,41424,1415,29.27000046,January 2019
6,PLAYERUNKNOWN'S BATTLEGROUNDS,January,2019,29852076,1234877,127809,2604,117981,40177,1662,24.17000008,January 2019
7,Hearthstone,January,2019,24477856,172747,92702,365,21526,32944,232,141.6999969,January 2019
8,Overwatch,January,2019,22499093,1192726,88234,2784,146158,30281,1605,18.86000061,January 2019
9,FIFA 19,January,2019,18618028,355185,284483,1434,61024,25057,478,52.41999817,January 2019
10,World of Warcraft,January,2019,18179362,703606,156889,3736,49517,24467,946,25.84000015,January 2019
1,Apex Legends,February,2019,123090969,5580337,666868,18932,663781,183444,8316,22.05999947,February 2019
2,League of Legends,February,2019,94991296,1779043,387330,4518,167824,141566,2651,53.38999939,February 2019
3,Fortnite,February,2019,84064959,7238650,658887,67544,810687,125283,10787,11.60999966,February 2019
4,Just Chatting,February,2019,51698098,733647,182185,2336,121349,77046,1093,70.47000122,February 2019
5,Dota 2,February,2019,50259236,528057,272771,1601,43882,74901,786,95.18000031,February 2019
6,Counter-Strike: Global Offensive,February,2019,47256109,744851,524985,2575,120461,70426,1110,63.43999863,February 2019
7,Overwatch,February,2019,23707822,717365,289347,2420,102530,35332,1069,33.04999924,February 2019
8,World of Warcraft,February,2019,21710870,679217,211037,2747,46004,32355,1012,31.95999908,February 2019
9,PLAYERUNKNOWN'S BATTLEGROUNDS,February,2019,17964098,789359,98146,2450,78993,26772,1176,22.76000023,February 2019
10,Hearthstone,February,2019,13694403,125334,58328,292,15298,20408,186,109.2600021,February 2019
1,League of Legends,March,2019,108481064,1966064,369522,3947,172418,146004,2646,55.18000031,March 2019
2,Fortnite,March,2019,101265583,8373592,424746,23473,888542,136292,11269,12.09000015,March 2019
3,Grand Theft Auto V,March,2019,61516480,535486,304053,1593,66347,82794,720,114.8799973,March 2019
4,Apex Legends,March,2019,59660790,3786745,303666,10439,437017,80297,5096,15.76000023,March 2019
5,Just Chatting,March,2019,58236586,878360,211835,1781,135026,78380,1182,66.30000305,March 2019
6,Dota 2,March,2019,50333147,563468,357971,1456,47351,67743,758,89.33000183,March 2019
7,Counter-Strike: Global Offensive,March,2019,35411834,913794,833440,2509,134809,47660,1229,38.75,March 2019
8,Overwatch,March,2019,26607780,803629,259090,1748,104627,35811,1081,33.11000061,March 2019
9,Sekiro: Shadows Die Twice,March,2019,25426484,470352,279037,4679,75943,34221,633,54.06000137,March 2019
10,PLAYERUNKNOWN'S BATTLEGROUNDS,March,2019,20452055,815594,113196,1730,70159,27526,1097,25.07999992,March 2019
1,Fortnite,April,2019,100443090,7536634,465998,21968,884315,139698,10482,13.32999992,April 2019
2,League of Legends,April,2019,92428052,1978924,548157,4008,172848,128550,2752,46.70999908,April 2019
3,Grand Theft Auto V,April,2019,83055988,727591,256096,1868,79087,115515,1011,114.1500015,April 2019
4,Just Chatting,April,2019,58637850,862890,219754,1848,135011,81554,1200,67.95999908,April 2019
5,Hearthstone,April,2019,34381371,195599,278075,1572,25124,47818,272,175.7700043,April 2019
6,Counter-Strike: Global Offensive,April,2019,30853367,845555,313013,2295,127669,42911,1176,36.49000168,April 2019
7,Dota 2,April,2019,29498775,450484,146659,1330,36752,41027,626,65.48000336,April 2019
8,Overwatch,April,2019,28601463,788023,185196,2534,102724,39779,1095,36.29999924,April 2019
9,Apex Legends,April,2019,25099028,2009967,199116,5000,259932,34908,2795,12.48999977,April 2019
10,PLAYERUNKNOWN'S BATTLEGROUNDS,April,2019,20687517,846962,134191,1937,73993,28772,1177,24.43000031,April 2019
1,Fortnite,May,2019,107228121,6801136,590940,51473,846724,144317,9153,15.77000046,May 2019
2,League of Legends,May,2019,102843574,2119997,816163,4081,181289,138416,2853,48.50999832,May 2019
3,Grand Theft Auto V,May,2019,74723749,739013,184274,1806,79099,100570,994,101.1100006,May 2019
4,Just Chatting,May,2019,60652701,894976,194008,1834,139132,81632,1204,67.76999664,May 2019
5,Dota 2,May,2019,46710399,490819,402168,1257,37723,62867,660,95.16999817,May 2019
6,World of Warcraft,May,2019,40716238,713266,207693,2812,53664,54799,959,57.08000183,May 2019
7,Counter-Strike: Global Offensive,May,2019,29661382,860011,234864,2268,129622,39921,1157,34.49000168,May 2019
8,Overwatch,May,2019,24738341,843717,260129,2133,106609,33295,1135,29.31999969,May 2019
9,Hearthstone,May,2019,24588335,172703,86318,541,21818,33093,232,142.3699951,May 2019
10,PLAYERUNKNOWN'S BATTLEGROUNDS,May,2019,23786386,979620,117161,2071,86148,32013,1318,24.28000069,May 2019
1,Fortnite,June,2019,92750132,5793509,483267,15367,676020,128998,8057,16.01000023,June 2019
2,League of Legends,June,2019,89156672,1982483,318559,3915,184010,124000,2757,44.97000122,June 2019
3,Just Chatting,June,2019,61663846,908320,234098,2724,145157,85763,1263,67.88999939,June 2019
4,Grand Theft Auto V,June,2019,59832423,700622,176008,1734,77788,83216,974,85.40000153,June 2019
5,Dota 2,June,2019,42929219,440912,436845,1118,35018,59706,613,97.36000061,June 2019
6,World of Warcraft,June,2019,31345561,647822,210299,2236,49401,43596,901,48.38999939,June 2019
7,Overwatch,June,2019,30730691,765200,163632,1652,98075,42740,1064,40.15999985,June 2019
8,Counter-Strike: Global Offensive,June,2019,30260300,842383,348529,2080,130888,42086,1171,35.91999817,June 2019
9,Teamfight Tactics,June,2019,29252998,292292,213768,2862,48458,40685,406,100.0800018,June 2019
10,Special Events,June,2019,21130999,69909,1561858,5125,15030,29389,97,302.2600098,June 2019
1,Fortnite,July,2019,90508922,5704941,1299699,47033,619076,121815,7678,15.86999989,July 2019
2,Teamfight Tactics,July,2019,68336250,1028044,358190,2966,110297,91973,1383,66.47000122,July 2019
3,League of Legends,July,2019,68210459,1803517,280370,3413,179936,91804,2427,37.81999969,July 2019
4,Grand Theft Auto V,July,2019,62716588,902463,217246,2729,108065,84409,1214,69.48999786,July 2019
5,Just Chatting,July,2019,60624575,939477,175774,1771,146862,81594,1264,64.52999878,July 2019
6,Dota 2,July,2019,40975198,461803,278581,1081,35274,55148,621,88.73000336,July 2019
7,Counter-Strike: Global Offensive,July,2019,40700017,914238,407519,2224,138472,54777,1230,44.52000046,July 2019
8,World of Warcraft,July,2019,36942422,704873,218084,3039,47346,49720,948,52.40999985,July 2019
9,Overwatch,July,2019,29237452,803728,206996,1769,101433,39350,1081,36.38000107,July 2019
10,Apex Legends,July,2019,27486726,1659147,232821,6402,193078,36994,2233,16.56999969,July 2019
1,Fortnite,August,2019,89053008,5436945,357529,14870,596217,119856,7317,16.37999916,August 2019
2,League of Legends,August,2019,86094493,1977780,455329,5256,187707,115874,2661,43.52999878,August 2019
3,Dota 2,August,2019,70885379,487148,1045985,1174,37081,95404,655,145.5099945,August 2019
4,World of Warcraft,August,2019,67894760,1594116,1103295,19085,111263,91379,2145,42.59000015,August 2019
5,Just Chatting,August,2019,65042052,1002669,203000,1967,155221,87539,1349,64.87000275,August 2019
6,Grand Theft Auto V,August,2019,64717903,887662,204916,2146,101665,87103,1194,72.91000366,August 2019
7,Counter-Strike: Global Offensive,August,2019,46112933,974890,518564,2281,147984,62063,1312,47.29999924,August 2019
8,Overwatch,August,2019,35080281,898039,156073,2813,113361,47214,1208,39.06000137,August 2019
9,Minecraft,August,2019,32739148,1301621,233472,2979,202798,44063,1751,25.14999962,August 2019
10,Teamfight Tactics,August,2019,29354278,539011,88505,1322,70274,39507,725,54.45999908,August 2019
1,World of Warcraft,September,2019,89821179,2264059,376038,7890,126563,124925,3148,39.66999817,September 2019
2,League of Legends,September,2019,77579176,1977556,650591,4454,182545,107898,2750,39.22999954,September 2019
3,Just Chatting,September,2019,63835583,971238,245697,2777,148818,88783,1350,65.73000336,September 2019
4,Fortnite,September,2019,60441768,3521012,329388,9472,406624,84063,4897,17.17000008,September 2019
5,Counter-Strike: Global Offensive,September,2019,46007837,914564,659147,2416,138048,63988,1271,50.31000137,September 2019
6,Grand Theft Auto V,September,2019,39488952,643978,162573,1836,67389,54922,895,61.31999969,September 2019
7,Dota 2,September,2019,25854637,449103,126517,1269,34090,35959,624,57.56999969,September 2019
8,Minecraft,September,2019,23589113,1010450,176485,2955,164966,32808,1405,23.35000038,September 2019
9,Overwatch,September,2019,21867082,705530,321314,1717,92814,30413,981,30.98999977,September 2019
10,FIFA 20,September,2019,18620218,194424,183987,2047,29956,25897,270,95.76999664,September 2019
1,League of Legends,October,2019,125658644,2204626,1100440,5944,195507,169123,2967,57,October 2019
2,Fortnite,October,2019,79089347,3933947,1611930,43173,437772,106445,5294,20.10000038,October 2019
3,Just Chatting,October,2019,68419996,1089800,244285,2347,157126,92086,1466,62.77999878,October 2019
4,Counter-Strike: Global Offensive,October,2019,44765681,932539,381582,2578,135261,60249,1255,48,October 2019
5,Grand Theft Auto V,October,2019,36887640,595432,136460,1775,58109,49646,801,61.95000076,October 2019
6,World of Warcraft,October,2019,36044063,1244625,139148,4003,76104,48511,1675,28.95999908,October 2019
7,Dota 2,October,2019,30033003,449514,176174,1218,31508,40421,604,66.80999756,October 2019
8,Apex Legends,October,2019,26681907,1717985,398711,7967,177082,35911,2312,15.52999973,October 2019
9,FIFA 20,October,2019,25607373,422931,149965,1463,46820,34464,569,60.54999924,October 2019
10,Call of Duty: Warzone,October,2019,22685352,758783,368801,13276,136962,30532,1021,29.89999962,October 2019
1,League of Legends,November,2019,95436703,2126093,1782765,4512,200004,132735,2957,44.88999939,November 2019
2,Just Chatting,November,2019,68267215,1067460,287294,2373,161010,94947,1484,63.95000076,November 2019
3,Fortnite,November,2019,58552659,3529438,405467,10287,429521,81436,4908,16.59000015,November 2019
4,Counter-Strike: Global Offensive,November,2019,35606495,890153,299143,2500,129703,49522,1238,40,November 2019
5,Dota 2,November,2019,34770932,428219,243245,1267,30472,48360,595,81.19999695,November 2019
6,Grand Theft Auto V,November,2019,33148853,567027,213843,1653,60014,46104,788,58.45999908,November 2019
7,Pok<U+00E9>mon Sword/Shield,November,2019,27173037,501750,187166,4414,32492,37792,697,54.15999985,November 2019
8,Call of Duty: Warzone,November,2019,27132737,1416838,142668,4844,205192,37736,1970,19.14999962,November 2019
9,World of Warcraft,November,2019,26848994,949764,163200,3684,62881,37342,1320,28.27000046,November 2019
10,Hearthstone,November,2019,26372825,167754,97122,542,17606,36679,233,157.2100067,November 2019
1,Just Chatting,December,2019,83590066,1265051,267822,3315,189224,112503,1702,66.08000183,December 2019
2,League of Legends,December,2019,78579242,2302186,223571,6392,211766,105759,3098,34.13000107,December 2019
3,Fortnite,December,2019,64228513,3857516,942880,35639,470255,86444,5191,16.64999962,December 2019
4,Counter-Strike: Global Offensive,December,2019,40460483,977970,322386,2695,146003,54455,1316,41.36999893,December 2019
5,Grand Theft Auto V,December,2019,37868145,751436,143326,2190,93082,50966,1011,50.38999939,December 2019
6,Dota 2,December,2019,34260252,419408,200393,1072,30022,46110,564,81.69000244,December 2019
7,Hearthstone,December,2019,26159827,174544,114139,983,18693,35208,234,149.8800049,December 2019
8,Escape From Tarkov,December,2019,20280096,432077,224062,1290,23516,27294,581,46.93999863,December 2019
9,World of Warcraft,December,2019,20198621,819153,83895,2933,55256,27185,1102,24.65999985,December 2019
10,Path of Exile,December,2019,19374693,324264,146028,3094,19897,26076,436,59.75,December 2019
1,League of Legends,January,2020,99657869,2953365,349964,8083,237426,134129,3974,33.74000168,January 2020
2,Just Chatting,January,2020,88378302,1409820,631876,2959,214185,118947,1897,62.68999863,January 2020
3,Escape From Tarkov,January,2020,72356308,1043028,287491,2376,60579,97383,1403,69.37000275,January 2020
4,Fortnite,January,2020,53731549,4399954,595541,11303,502688,72317,5921,12.21000004,January 2020
5,Dota 2,January,2020,44025208,442024,364279,1055,30616,59253,594,99.59999847,January 2020
6,Grand Theft Auto V,January,2020,42646840,936367,157557,2520,110069,57398,1260,45.54999924,January 2020
7,Counter-Strike: Global Offensive,January,2020,33893286,1217678,257488,3371,168202,45616,1638,27.82999992,January 2020
8,World of Warcraft,January,2020,27563181,940687,167799,4077,59799,37097,1266,29.29999924,January 2020
9,FIFA 20,January,2020,23787522,354761,365896,1693,49934,32015,477,67.05000305,January 2020
10,Hearthstone,January,2020,21222953,163061,62503,405,16330,28563,219,130.1499939,January 2020
1,League of Legends,February,2020,121635889,2549292,412216,7253,211492,175015,3668,47.70999908,February 2020
2,Just Chatting,February,2020,89799571,1379006,309048,2849,195799,129208,1984,65.12000275,February 2020
3,Fortnite,February,2020,55475583,3975899,273169,11837,427073,79820,5720,13.94999981,February 2020
4,Counter-Strike: Global Offensive,February,2020,49796451,1135106,614792,3212,154126,71649,1633,43.86999893,February 2020
5,Escape From Tarkov,February,2020,48964051,1095520,208360,2443,60704,70451,1576,44.68999863,February 2020
6,Grand Theft Auto V,February,2020,43423533,917355,132945,2661,100907,62479,1319,47.34000015,February 2020
7,Dota 2,February,2020,34971672,436925,236718,1176,29417,50318,628,80.04000092,February 2020
8,World of Warcraft,February,2020,31740780,1009217,293197,4240,61087,45670,1452,31.45000076,February 2020
9,Apex Legends,February,2020,28301475,1962702,283368,7923,204742,40721,2824,14.42000008,February 2020
10,Hearthstone,February,2020,19173902,135829,81234,339,12881,27588,195,141.1600037,February 2020
1,League of Legends,March,2020,123599885,3062720,421581,8390,252555,166352,4122,40.36000061,March 2020
2,Just Chatting,March,2020,112003986,1808562,360279,4180,248185,150745,2434,61.93000031,March 2020
3,Call of Duty: Warzone,March,2020,96459529,4272706,520918,13777,474044,129824,5750,22.57999992,March 2020
4,Counter-Strike: Global Offensive,March,2020,66797699,1511619,828949,4667,197089,89902,2034,44.18999863,March 2020
5,Fortnite,March,2020,66249206,4750140,289330,12948,497697,89164,6393,13.94999981,March 2020
6,Grand Theft Auto V,March,2020,56174067,1056098,184708,3278,110705,75604,1421,53.18999863,March 2020
7,Dota 2,March,2020,41849138,544228,164524,1490,35212,56324,732,76.90000153,March 2020
8,Animal Crossing: New Horizons,March,2020,30832827,455308,244171,4403,40068,41497,612,67.72000122,March 2020
9,Escape From Tarkov,March,2020,27232954,928222,173904,2238,49014,36652,1249,29.34000015,March 2020
10,Hearthstone,March,2020,23909476,175493,108476,433,17509,32179,236,136.2400055,March 2020
1,VALORANT,April,2020,344551979,4588347,1728977,15710,319709,479209,6381,75.08999634,April 2020
2,Just Chatting,April,2020,141922978,2303367,548653,4912,272519,197389,3203,61.61999893,April 2020
3,League of Legends,April,2020,135859472,3461495,727437,8802,243651,188956,4814,39.25,April 2020
4,Fortnite,April,2020,97700836,7413195,832660,59676,565926,135884,10310,13.18000031,April 2020
5,Counter-Strike: Global Offensive,April,2020,86673161,1981314,535624,5542,215744,120546,2755,43.75,April 2020
6,Call of Duty: Warzone,April,2020,80164314,5542660,389980,13207,436487,111494,7708,14.46000004,April 2020
7,Grand Theft Auto V,April,2020,75744434,1450376,240860,4233,122286,105346,2017,52.22000122,April 2020
8,Dota 2,April,2020,54477072,673933,360147,1747,34147,75767,937,80.83000183,April 2020
9,Minecraft,April,2020,41127736,1669376,317297,4077,196386,57201,2321,24.63999939,April 2020
10,World of Warcraft,April,2020,33013013,1326196,150840,4515,68562,45915,1844,24.88999939,April 2020
1,Just Chatting,May,2020,181536582,2602630,839576,6961,314436,244329,3502,69.75,May 2020
2,VALORANT,May,2020,144780385,4763465,790635,16287,363116,194859,6411,30.38999939,May 2020
3,League of Legends,May,2020,127698472,3517695,504630,8347,245122,171868,4734,36.29999924,May 2020
4,Fortnite,May,2020,122842189,10245704,623197,39752,749518,165332,13789,11.98999977,May 2020
5,Grand Theft Auto V,May,2020,100049997,2101914,373709,5847,197660,134656,2828,47.59999847,May 2020
6,Call of Duty: Warzone,May,2020,91664784,5862126,352914,14850,420751,123371,7889,15.64000034,May 2020
7,Counter-Strike: Global Offensive,May,2020,76786808,1783788,380494,4853,187999,103346,2400,43.04999924,May 2020
8,Dota 2,May,2020,51023847,717401,199291,1758,33057,68672,965,71.12000275,May 2020
9,Minecraft,May,2020,41091438,1782172,481719,4034,210206,55304,2398,23.05999947,May 2020
10,FIFA 20,May,2020,40390175,941357,256298,4961,105866,54360,1266,42.90999985,May 2020
1,Just Chatting,June,2020,174681829,2438913,777678,12126,310815,242951,3392,71.62000275,June 2020
2,League of Legends,June,2020,143290296,2997392,556963,7519,215394,199291,4168,47.79999924,June 2020
3,Fortnite,June,2020,111733315,9686644,2331987,115814,733031,155400,13472,11.52999973,June 2020
4,Grand Theft Auto V,June,2020,100533035,1681199,389147,4500,145049,139823,2338,59.79999924,June 2020
5,Call of Duty: Warzone,June,2020,86836610,5425161,397249,13985,384367,120774,7545,16.01000023,June 2020
6,Escape From Tarkov,June,2020,77876827,920141,304888,2408,39629,108312,1279,84.63999939,June 2020
7,Counter-Strike: Global Offensive,June,2020,76001332,1403689,499919,4209,149577,105704,1952,54.13999939,June 2020
8,VALORANT,June,2020,55560006,3970028,250805,14194,331747,77274,5521,13.98999977,June 2020
9,Dota 2,June,2020,41177114,569147,212444,1490,27354,57269,791,72.34999847,June 2020
10,Minecraft,June,2020,38878256,1728072,397172,4747,214199,54072,2403,22.5,June 2020
1,Just Chatting,July,2020,182688702,2582898,573912,5586,324606,245879,3476,70.73000336,July 2020
2,League of Legends,July,2020,135123272,3248650,494759,7246,223201,181861,4372,41.59000015,July 2020
3,Fortnite,July,2020,105305814,8882333,328230,21039,681016,141730,11954,11.85999966,July 2020
4,Grand Theft Auto V,July,2020,94129970,1614402,378519,3752,130521,126689,2172,58.31000137,July 2020
5,Call of Duty: Warzone,July,2020,87748177,6455174,357124,16641,420466,118099,8687,13.59000015,July 2020
6,VALORANT,July,2020,56840893,3608486,151120,8081,285520,76501,4856,15.75,July 2020
7,Minecraft,July,2020,52864781,2081006,443809,4437,248121,71150,2800,25.39999962,July 2020
8,Counter-Strike: Global Offensive,July,2020,41902442,1187042,197934,3034,126894,56396,1597,35.29999924,July 2020
9,Dota 2,July,2020,35906928,571211,193157,1301,27565,48326,768,62.86000061,July 2020
10,World of Warcraft,July,2020,35243547,1199477,247146,3821,64159,47434,1614,29.37999916,July 2020
1,Just Chatting,August,2020,170478547,2607784,508828,5233,328529,229446,3509,65.37000275,August 2020
2,League of Legends,August,2020,142551572,3250969,707347,7440,229635,191859,4375,43.84999847,August 2020
3,Fall Guys: Ultimate Knockout,August,2020,112938341,2257803,713229,7272,395663,152003,3038,50.02000046,August 2020
4,Fortnite,August,2020,98814094,7962195,497250,21768,663479,132993,10716,12.40999985,August 2020
5,Call of Duty: Warzone,August,2020,84319459,6754492,951957,31506,445223,113485,9090,12.47999954,August 2020
6,Grand Theft Auto V,August,2020,83320277,1515588,374879,3525,125748,112140,2039,54.97999954,August 2020
7,VALORANT,August,2020,54462195,3016992,564404,8000,256154,73300,4060,18.04999924,August 2020
8,Counter-Strike: Global Offensive,August,2020,48243344,1071229,313425,2526,117920,64930,1441,45.04000092,August 2020
9,Minecraft,August,2020,40361660,1942298,374683,4520,244197,54322,2614,20.78000069,August 2020
10,Dota 2,August,2020,38252005,554956,170474,1247,26864,51483,746,68.93000031,August 2020
1,Just Chatting,September,2020,168706952,2550812,650779,8045,332334,234641,3547,66.13999939,September 2020
2,Among Us,September,2020,147132248,2507735,745468,12317,410661,204634,3487,58.66999817,September 2020
3,League of Legends,September,2020,135008222,3174675,794857,6737,230335,187772,4415,42.52999878,September 2020
4,Fortnite,September,2020,77824133,6265599,271740,17083,561921,108239,8714,12.42000008,September 2020
5,Call of Duty: Warzone,September,2020,73913008,6396945,363931,17370,422050,102799,8897,11.55000019,September 2020
6,Grand Theft Auto V,September,2020,58950202,1228347,318681,3147,98039,81989,1708,47.99000168,September 2020
7,Counter-Strike: Global Offensive,September,2020,53623137,1029871,306910,2620,114511,74580,1432,52.06999969,September 2020
8,Minecraft,September,2020,39056368,1549038,431196,3771,203417,54320,2154,25.20999908,September 2020
9,Dota 2,September,2020,38107678,551165,269456,1402,26860,53000,766,69.13999939,September 2020
10,VALORANT,September,2020,37448029,2159886,155402,5330,196434,52083,3004,17.34000015,September 2020
1,Just Chatting,October,2020,203159545,2757457,684417,6778,355568,273431,3711,73.68000031,October 2020
2,League of Legends,October,2020,171613067,3367157,2020835,8520,246211,230973,4531,50.97000122,October 2020
3,Among Us,October,2020,109716919,2160986,753943,9142,386445,147667,2908,50.77000046,October 2020
4,Fortnite,October,2020,85559924,5777917,388650,15148,533320,115154,7776,14.81000042,October 2020
5,Call of Duty: Warzone,October,2020,76217178,6653986,396270,22121,428944,102580,8955,11.44999981,October 2020
6,FIFA 21,October,2020,61128836,1060451,474733,3830,100606,82272,1427,57.63999939,October 2020
7,Counter-Strike: Global Offensive,October,2020,58560804,1138329,434419,2976,124370,78816,1532,51.43999863,October 2020
8,Grand Theft Auto V,October,2020,55833045,1225664,202629,3627,98469,75145,1649,45.54999924,October 2020
9,Minecraft,October,2020,49798217,1802763,472079,4489,235174,67023,2426,27.62000084,October 2020
10,Phasmophobia,October,2020,48599126,1876224,256449,8886,223859,65409,2525,25.89999962,October 2020
1,Just Chatting,November,2020,233960587,2867763,986105,6855,376893,325397,3988,81.58000183,November 2020
2,League of Legends,November,2020,121085351,3392709,345045,8877,254028,168407,4718,35.68999863,November 2020
3,Fortnite,November,2020,82963986,6162249,488655,25246,563077,115388,8570,13.46000004,November 2020
4,Among Us,November,2020,76950746,1328891,776257,5274,250289,107024,1848,57.90999985,November 2020
5,Minecraft,November,2020,76540606,2231010,591072,6133,282145,106454,3102,34.31000137,November 2020
6,Counter-Strike: Global Offensive,November,2020,60714096,1297659,551755,3544,139791,84442,1804,46.79000092,November 2020
7,World of Warcraft,November,2020,54668977,1708742,933430,25791,93850,76034,2376,31.98999977,November 2020
8,Grand Theft Auto V,November,2020,51712871,1359793,201218,4209,116010,71923,1891,38.02999878,November 2020
9,Call of Duty: Black Ops Cold War,November,2020,50776489,2503903,544486,23867,202264,70620,3482,20.28000069,November 2020
10,Call of Duty: Warzone,November,2020,50195793,4121539,247838,17727,322627,69813,5732,12.18000031,November 2020
1,Just Chatting,December,2020,248573448,3149975,1117874,8817,413135,334553,4239,78.91000366,December 2020
2,Fortnite,December,2020,108692225,7231028,1585293,129860,667652,146288,9732,15.02999973,December 2020
3,League of Legends,December,2020,96413165,3297197,318449,7979,247003,129761,4437,29.23999977,December 2020
4,World of Warcraft,December,2020,90202480,2343848,411898,11273,108723,121403,3154,38.47999954,December 2020
5,Minecraft,December,2020,72142619,2736322,591932,7060,346527,97096,3682,26.36000061,December 2020
6,Call of Duty: Warzone,December,2020,65844965,2460572,343398,7996,174916,88620,3311,26.76000023,December 2020
7,Cyberpunk 2077,December,2020,63683090,2587517,1126038,35125,232288,85710,3482,24.61000061,December 2020
8,Grand Theft Auto V,December,2020,61709131,1807602,262859,6530,172265,83054,2432,34.13999939,December 2020
9,Counter-Strike: Global Offensive,December,2020,60757021,1426365,387473,3961,154721,81772,1919,42.59999847,December 2020
10,Escape From Tarkov,December,2020,57062005,998798,418894,3710,45168,76799,1344,57.13000107,December 2020
1,Just Chatting,January,2021,248144653,3420670,2787896,8240,464702,333976,4603,72.54000092,January 2021
2,Rust,January,2021,190468488,1147089,1373791,3249,91592,256350,1543,166.0500031,January 2021
3,League of Legends,January,2021,170781975,4354400,689503,11606,294795,229854,5860,39.22000122,January 2021
4,Escape From Tarkov,January,2021,110847591,1594856,441410,4268,67458,149189,2146,69.5,January 2021
5,Fortnite,January,2021,101306583,7396984,997440,19348,689937,136348,9955,13.69999981,January 2021
6,Minecraft,January,2021,80076090,3591863,931417,9865,443494,107774,4834,22.29000092,January 2021
7,Call of Duty: Warzone,January,2021,80057408,3304045,424575,9097,225044,107748,4446,24.22999954,January 2021
8,Grand Theft Auto V,January,2021,74060698,2032778,327587,5660,185072,99677,2735,36.43000031,January 2021
9,Counter-Strike: Global Offensive,January,2021,60899705,1669538,592921,4598,178120,81964,2247,36.47999954,January 2021
10,FIFA 21,January,2021,55385122,1180415,837094,7733,137198,74542,1588,46.91999817,January 2021
1,Just Chatting,February,2021,240445690,3202966,1138978,13308,444507,358339,4773,75.06999969,February 2021
2,League of Legends,February,2021,150221076,3665750,703375,9687,268439,223876,5463,40.97999954,February 2021
3,Grand Theft Auto V,February,2021,137704722,2006058,506815,6008,175699,205223,2989,68.63999939,February 2021
4,Fortnite,February,2021,107665720,6523956,541227,18890,644071,160455,9722,16.5,February 2021
5,Minecraft,February,2021,82415310,3524597,647145,9853,450593,122824,5252,23.37999916,February 2021
6,Call of Duty: Warzone,February,2021,73419748,3228772,305415,8963,202041,109418,4811,22.73999977,February 2021
7,VALORANT,February,2021,70228871,2945356,289898,7382,266828,104662,4389,23.84000015,February 2021
8,Counter-Strike: Global Offensive,February,2021,67578481,1507029,607485,4460,161814,100713,2245,44.84000015,February 2021
9,Apex Legends,February,2021,51757131,4059568,208798,13184,303619,77134,6050,12.75,February 2021
10,Rust,February,2021,44335563,599060,331005,3092,47558,66073,892,74.01000214,February 2021
1,Just Chatting,March,2021,270395369,3485083,1086313,8309,469545,363923,4690,77.58999634,March 2021
2,Grand Theft Auto V,March,2021,184577838,2255433,589654,6387,186339,248422,3035,81.83999634,March 2021
3,League of Legends,March,2021,149786518,3766997,853781,9222,268051,201596,5069,39.75999832,March 2021
4,Fortnite,March,2021,117342947,7181301,778187,20333,703686,157931,9665,16.34000015,March 2021
5,Call of Duty: Warzone,March,2021,90935782,3616466,411804,9322,220122,122390,4867,25.13999939,March 2021
6,Minecraft,March,2021,87784445,3419021,663533,9509,441025,118148,4601,25.68000031,March 2021
7,VALORANT,March,2021,87645493,3531041,415809,8033,309748,117961,4752,24.81999969,March 2021
8,Counter-Strike: Global Offensive,March,2021,72375036,1626300,454393,4379,170319,97409,2188,44.5,March 2021
9,Apex Legends,March,2021,61043473,4108227,207842,9184,317439,82158,5529,14.85999966,March 2021
10,Dota 2,March,2021,39978562,659629,230592,1597,31292,53806,887,60.61000061,March 2021
1,Just Chatting,April,2021,289547911,3544601,937749,8026,474257,402709,4929,81.69000244,April 2021
2,Grand Theft Auto V,April,2021,239438984,2508876,1105818,7043,211141,333016,3489,95.44000244,April 2021
3,League of Legends,April,2021,156994170,3592720,906631,8333,260952,218350,4996,43.70000076,April 2021
4,Call of Duty: Warzone,April,2021,100571607,3596411,1629284,22437,218805,139877,5001,27.95999908,April 2021
5,Fortnite,April,2021,94112337,5810309,498791,17790,588089,130893,8081,16.20000076,April 2021
6,VALORANT,April,2021,85635830,3435109,440084,8565,306540,119104,4777,24.93000031,April 2021
7,Minecraft,April,2021,79728626,3112654,749947,8863,405918,110888,4329,25.61000061,April 2021
8,Counter-Strike: Global Offensive,April,2021,70072819,1464933,421485,4173,158206,97458,2037,47.83000183,April 2021
9,Apex Legends,April,2021,51425055,3688671,171721,8110,297846,71523,5130,13.93999958,April 2021
10,Dota 2,April,2021,49785357,666178,372593,1658,32754,69242,926,74.73000336,April 2021
1,Just Chatting,May,2021,285948196,3522387,983678,7465,462447,384856,4740,81.18000031,May 2021
2,Grand Theft Auto V,May,2021,253419456,2510018,1140656,6978,197818,341075,3378,100.9599991,May 2021
3,League of Legends,May,2021,174012672,3516137,1257320,7697,251261,234202,4732,49.49000168,May 2021
4,VALORANT,May,2021,100244546,3307836,1010321,8041,288329,134918,4452,30.30999947,May 2021
5,Call of Duty: Warzone,May,2021,96069742,3482496,406728,9133,204332,129299,4687,27.59000015,May 2021
6,Fortnite,May,2021,91858834,4994610,456652,14339,484887,123632,6722,18.38999939,May 2021
7,Minecraft,May,2021,76661535,2829132,964018,7751,357562,103178,3807,27.10000038,May 2021
8,Counter-Strike: Global Offensive,May,2021,75670449,1380646,551182,3620,140856,101844,1858,54.81000137,May 2021
9,Apex Legends,May,2021,68053310,4565820,363341,15570,339210,91592,6145,14.89999962,May 2021
10,Resident Evil Village,May,2021,50416020,1585610,645130,15093,146083,67854,2134,31.79999924,May 2021
1,Just Chatting,June,2021,252985317,3188627,1034076,8657,429682,351857,4434,79.33999634,June 2021
2,Grand Theft Auto V,June,2021,170602312,2134054,609223,5930,165667,237277,2968,79.94000244,June 2021
3,League of Legends,June,2021,147594315,3053763,708943,6443,220621,205277,4247,48.33000183,June 2021
4,Call of Duty: Warzone,June,2021,84562816,3061219,482855,8231,179068,117611,4257,27.62000084,June 2021
5,VALORANT,June,2021,80581440,3217503,252386,7691,277299,112074,4474,25.04000092,June 2021
6,Minecraft,June,2021,72365696,2841782,499342,7623,362028,100647,3952,25.45999908,June 2021
7,Fortnite,June,2021,70802599,5069896,343301,15889,492980,98473,7051,13.97000027,June 2021
8,Dota 2,June,2021,62316260,653133,375582,1544,31893,86670,908,95.41000366,June 2021
9,Counter-Strike: Global Offensive,June,2021,55332904,1162096,363798,2995,116511,76958,1616,47.61000061,June 2021
10,World of Warcraft,June,2021,52816476,1323880,428127,8423,64312,73458,1841,39.90000153,June 2021
1,Just Chatting,July,2021,240051080,3204980,772137,6307,425721,323083,4313,74.90000153,July 2021
2,Grand Theft Auto V,July,2021,142539300,2344127,476100,6212,196492,191842,3154,60.81000137,July 2021
3,League of Legends,July,2021,134363514,2961094,511589,6029,215610,180839,3985,45.38000107,July 2021
4,VALORANT,July,2021,80880189,3289089,296686,6844,287260,108856,4426,24.59000015,July 2021
5,Call of Duty: Warzone,July,2021,71791742,2986579,348510,7945,180991,96624,4019,24.04000092,July 2021
6,Fortnite,July,2021,69328083,5002281,341415,11334,488332,93308,6732,13.85999966,July 2021
7,Counter-Strike: Global Offensive,July,2021,58658860,1107453,696447,2513,112617,78948,1490,52.97000122,July 2021
8,Minecraft,July,2021,53624353,2819049,903466,6282,353450,72172,3794,19.02000046,July 2021
9,World of Warcraft,July,2021,47511323,1222339,315079,5799,60203,63945,1645,38.86999893,July 2021
10,Apex Legends,July,2021,47318823,3370855,216112,7107,263707,63686,4536,14.03999996,July 2021
1,Just Chatting,August,2021,249610555,3255305,736910,6517,428053,335949,4381,76.68000031,August 2021
2,Grand Theft Auto V,August,2021,144558823,2270925,500974,5598,179725,194561,3056,63.65999985,August 2021
3,League of Legends,August,2021,138132735,2964379,931796,5614,215239,185912,3989,46.59999847,August 2021
4,Apex Legends,August,2021,92864047,4709072,404843,13378,349077,124985,6337,19.71999931,August 2021
5,Fortnite,August,2021,77871428,4764584,719861,52969,473438,104806,6412,16.34000015,August 2021
6,VALORANT,August,2021,77525514,3085069,294465,6435,272547,104341,4152,25.12999916,August 2021
7,Minecraft,August,2021,75945145,2659710,897758,6024,333391,102214,3579,28.54999924,August 2021
8,Call of Duty: Warzone,August,2021,60714613,2597525,748730,13772,160938,81715,3495,23.37000084,August 2021
9,Counter-Strike: Global Offensive,August,2021,49822431,1099409,378388,2538,114949,67055,1479,45.31999969,August 2021
10,Dota 2,August,2021,42716591,731191,218368,1701,35607,57492,984,58.41999817,August 2021
1,Just Chatting,September,2021,222594651,2982598,773047,8506,394043,309589,4148,74.62999725,September 2021
2,Grand Theft Auto V,September,2021,144525900,1891853,591485,5085,139075,201009,2631,76.38999939,September 2021
3,League of Legends,September,2021,107406590,2723708,618086,5548,201351,149383,3788,39.43000031,September 2021
4,VALORANT,September,2021,92393642,2972494,732010,7148,257779,128502,4134,31.07999992,September 2021
5,Minecraft,September,2021,76513540,2120032,795663,5693,275316,106416,2948,36.09000015,September 2021
6,Apex Legends,September,2021,68691621,3511300,330106,9081,273660,95537,4883,19.55999947,September 2021
7,Counter-Strike: Global Offensive,September,2021,61533744,1007538,725327,2823,105073,85582,1401,61.06999969,September 2021
8,Fortnite,September,2021,60226831,4160495,1186225,82928,415949,83764,5786,14.47999954,September 2021
9,Call of Duty: Warzone,September,2021,53919349,2329905,341961,6172,143456,74992,3240,23.13999939,September 2021
10,New World,September,2021,40472173,800240,981589,16321,71631,56289,1112,50.58000183,September 2021
1,Just Chatting,October,2021,217994303,2945069,715797,6420,376011,293397,3963,74.01999664,October 2021
2,League of Legends,October,2021,208574800,2489811,2364918,5375,185819,280719,3351,83.76999664,October 2021
3,Grand Theft Auto V,October,2021,136934555,1813736,466495,4935,126104,184299,2441,75.5,October 2021
4,Dota 2,October,2021,98815597,701658,1636441,1895,34983,132995,944,140.8300018,October 2021
5,New World,October,2021,87344597,2688555,460974,9893,132349,117556,3618,32.49000168,October 2021
6,Counter-Strike: Global Offensive,October,2021,70180423,956368,655467,2555,97136,94455,1287,73.37999725,October 2021
7,Minecraft,October,2021,67619774,1968173,757774,4799,247477,91009,2648,34.36000061,October 2021
8,VALORANT,October,2021,64164553,2715437,261799,5597,230732,86358,3654,23.62999916,October 2021
9,Apex Legends,October,2021,59167820,3259366,276142,6699,231430,79633,4386,18.14999962,October 2021
10,Fortnite,October,2021,58780907,3799080,287301,9757,359321,79112,5113,15.47000027,October 2021
1,Just Chatting,November,2021,231514981,2828547,878286,6493,368108,321995,3934,81.84999847,November 2021
2,Grand Theft Auto V,November,2021,129608680,1752977,442304,5022,123262,180262,2438,73.94000244,November 2021
3,League of Legends,November,2021,102612188,2420283,3082772,5280,192692,142715,3366,42.40000153,November 2021
4,Counter-Strike: Global Offensive,November,2021,79981393,951598,1916027,2590,97574,111239,1323,84.05000305,November 2021
5,Apex Legends,November,2021,58698013,3486336,283675,11894,247467,81638,4848,16.84000015,November 2021
6,VALORANT,November,2021,58685942,2645463,195672,5733,226858,81621,3679,22.18000031,November 2021
7,Minecraft,November,2021,55949329,1768233,604094,4921,227396,77815,2459,31.63999939,November 2021
8,Fortnite,November,2021,50178082,3235937,363096,7961,329946,69788,4500,15.51000023,November 2021
9,Teamfight Tactics,November,2021,37320063,437788,112329,1107,44746,51905,608,85.25,November 2021
10,Dota 2,November,2021,37073193,747851,223679,1934,36951,51562,1040,49.56999969,November 2021
1,Just Chatting,December,2021,271538951,3116407,1006556,8092,396024,365462,4194,87.12999725,December 2021
2,Grand Theft Auto V,December,2021,117017755,1944400,415255,5737,148924,157493,2616,60.18000031,December 2021
3,VALORANT,December,2021,98306478,2812461,1047665,6019,249067,132310,3785,34.95000076,December 2021
4,League of Legends,December,2021,95180552,2465988,591381,5291,194521,128103,3318,38.59999847,December 2021
5,Escape from Tarkov,December,2021,77060574,1118138,475913,5568,48796,103715,1504,68.91999817,December 2021
6,Fortnite,December,2021,67039763,4833376,1270408,88824,499414,90228,6505,13.86999989,December 2021
7,Minecraft,December,2021,54665157,2159925,649098,6059,273288,73573,2907,25.30999947,December 2021
8,Call of Duty: Warzone,December,2021,52562076,2234477,456502,9068,133039,70743,3007,23.52000046,December 2021
9,Apex Legends,December,2021,46483936,3100762,238755,7141,218911,62562,4173,14.98999977,December 2021
10,Counter-Strike: Global Offensive,December,2021,45401155,914766,524450,2485,94162,61105,1231,49.63000107,December 2021
1,Just Chatting,January,2022,283669656,3292459,1084947,7655,701244,381789,4431,86.16000366,January 2022
2,League of Legends,January,2022,184282005,3368623,669460,8924,321715,248024,4533,54.70999908,January 2022
3,Grand Theft Auto V,January,2022,152328213,2219509,585776,5606,305652,205017,2987,68.62999725,January 2022
4,Escape from Tarkov,January,2022,93334264,1343113,690725,3186,71932,125618,1807,69.48999786,January 2022
5,VALORANT,January,2022,84354184,3736976,288190,8721,430961,113531,5029,22.56999969,January 2022
6,Fortnite,January,2022,70296392,4783165,403757,11096,1013324,94611,6437,14.69999981,January 2022
7,Apex Legends,January,2022,63726123,3677939,309948,7967,431950,85768,4950,17.32999992,January 2022
8,Rust,January,2022,63615081,387133,917741,1180,48196,85619,521,164.3200073,January 2022
9,Minecraft,January,2022,60307178,2161237,2189881,5310,482723,81167,2908,27.89999962,January 2022
10,FIFA 22,January,2022,45366797,932324,785790,5823,189784,61058,1254,48.65999985,January 2022
1,Just Chatting,February,2022,260069202,2989857,887922,9879,645467,387584,4455,86.98000336,February 2022
2,Lost Ark,February,2022,145982931,2273261,1273854,12784,196480,217560,3387,64.22000122,February 2022
3,League of Legends,February,2022,134681108,2540382,642461,6195,269108,200717,3785,53.02000046,February 2022
4,Grand Theft Auto V,February,2022,129313597,1919879,489292,5363,258590,192717,2861,67.36000061,February 2022
5,VALORANT,February,2022,89088184,3303775,353603,7202,401078,132769,4923,26.96999931,February 2022
6,Counter-Strike: Global Offensive,February,2022,67421442,886058,995138,2618,150560,100479,1320,76.08999634,February 2022
7,Apex Legends,February,2022,65361056,4122840,266182,13296,501098,97408,6144,15.85000038,February 2022
8,Fortnite,February,2022,61225567,3690722,380708,10627,801253,91245,5500,16.59000015,February 2022
9,Elden Ring,February,2022,59174143,1398601,908307,22969,195401,88187,2084,42.31000137,February 2022
10,Call of Duty: Warzone,February,2022,38238896,1974281,167142,5395,172484,56987,2942,19.37000084,February 2022
1,Just Chatting,March,2022,259546897,3076949,942556,6259,601893,349322,4141,84.34999847,March 2022
2,League of Legends,March,2022,138562317,2475818,684463,5036,242170,186490,3332,55.97000122,March 2022
3,Elden Ring,March,2022,131599152,5531512,519859,14659,434645,177118,7444,23.79000092,March 2022
4,Grand Theft Auto V,March,2022,127932833,2025468,465143,5414,260867,172184,2726,63.15999985,March 2022
5,VALORANT,March,2022,110480891,3649216,376658,7434,404788,148695,4911,30.28000069,March 2022
6,Fortnite,March,2022,72816507,3833018,685560,14479,792664,98003,5158,19,March 2022
7,Apex Legends,March,2022,68136245,4037521,242146,8925,489397,91704,5434,16.87999916,March 2022
8,Counter-Strike: Global Offensive,March,2022,55974322,864927,360389,2341,133185,75335,1164,64.72000122,March 2022
9,World of Warcraft,March,2022,55904658,955532,284679,4420,52850,75241,1286,58.50999832,March 2022
10,Lost Ark,March,2022,40981246,1068250,206110,2943,80352,55156,1437,38.36000061,March 2022
1,Just Chatting,April,2022,282771829,2969054,2309980,6118,581351,393284,4129,95.23999786,April 2022
2,League of Legends,April,2022,129717062,2521545,1051564,5044,239721,180413,3507,51.43999863,April 2022
3,Grand Theft Auto V,April,2022,129072844,2047790,586901,5353,251245,179517,2848,63.02999878,April 2022
4,VALORANT,April,2022,113078506,3705997,984205,8081,415290,157271,5154,30.51000023,April 2022
5,Fortnite,April,2022,71463618,3880171,639272,10321,767403,99393,5396,18.42000008,April 2022
6,Apex Legends,April,2022,66510103,3869740,295783,8894,446945,92503,5382,17.19000053,April 2022
7,Counter-Strike: Global Offensive,April,2022,59002939,802622,441386,2200,122078,82062,1116,73.51000214,April 2022
8,Elden Ring,April,2022,39389487,2138920,294642,6051,235559,54783,2974,18.42000008,April 2022
9,Dota 2,April,2022,37597240,554415,155770,1414,41780,52291,771,67.80999756,April 2022
10,Call of Duty: Warzone,April,2022,34765388,2203906,122583,5847,205758,48352,3065,15.77000046,April 2022
1,Just Chatting,May,2022,274748231,2946900,1344603,5706,559671,369782,3966,93.23000336,May 2022
2,League of Legends,May,2022,159489005,2534691,1385974,5157,237227,214655,3411,62.91999817,May 2022
3,Grand Theft Auto V,May,2022,122147595,1942357,514531,4901,223537,164397,2614,62.88999939,May 2022
4,VALORANT,May,2022,100270805,3769245,330830,7251,414170,134953,5073,26.60000038,May 2022
5,Counter-Strike: Global Offensive,May,2022,93930915,845157,1687805,2202,121653,126421,1137,111.1399994,May 2022
6,Apex Legends,May,2022,81210308,3844658,559133,11258,434139,109300,5174,21.12000084,May 2022
7,Fortnite,May,2022,54986586,3236016,291756,7328,624828,74006,4355,16.98999977,May 2022
8,Dota 2,May,2022,48939002,586231,449377,1361,44246,65866,789,83.48000336,May 2022
9,Slots,May,2022,38548025,105123,262776,241,6856,51881,141,366.6900024,May 2022
10,Call of Duty: Warzone,May,2022,35639560,2146658,193443,5896,203005,47967,2889,16.60000038,May 2022
1,Just Chatting,June,2022,261199101,2893791,1320834,6357,570609,363281,4024,90.26000214,June 2022
2,League of Legends,June,2022,118681394,2233256,487688,4476,222695,165064,3106,53.13999939,June 2022
3,Grand Theft Auto V,June,2022,105421962,1882418,434806,4896,230655,146623,2618,56,June 2022
4,VALORANT,June,2022,101762186,3678688,384579,8172,413509,141532,5116,27.65999985,June 2022
5,Counter-Strike: Global Offensive,June,2022,56442633,840093,534107,2173,125497,78501,1168,67.19000244,June 2022
6,Fortnite,June,2022,51892737,3845917,945769,48299,754617,72173,5348,13.48999977,June 2022
7,Apex Legends,June,2022,50179517,3083737,206916,6629,373814,69790,4288,16.27000046,June 2022
8,Slots,June,2022,42450509,106339,207956,249,7538,59041,147,399.2000122,June 2022
9,Dota 2,June,2022,40045116,590825,167501,1430,45672,55695,821,67.77999878,June 2022
10,Minecraft,June,2022,39983135,1565791,1124877,3623,353250,55609,2177,25.54000092,June 2022
1,Just Chatting,July,2022,268955703,3010849,829384,5794,612287,361986,4052,89.33000183,July 2022
2,League of Legends,July,2022,121287274,2287292,546382,4541,229473,163239,3078,53.02999878,July 2022
3,VALORANT,July,2022,120711351,4141409,691026,7631,450134,162464,5573,29.14999962,July 2022
4,Grand Theft Auto V,July,2022,120058715,2138080,496874,5789,279154,161586,2877,56.15000153,July 2022
5,Apex Legends,July,2022,55445378,3308761,518766,6631,381526,74623,4453,16.76000023,July 2022
6,Minecraft,July,2022,53738426,2106598,775386,4520,454728,72326,2835,25.51000023,July 2022
7,Counter-Strike: Global Offensive,July,2022,51096287,848961,1153750,2055,130195,68770,1142,60.18999863,July 2022
8,Fortnite,July,2022,47525559,3609437,238361,7189,704231,63964,4857,13.17000008,July 2022
9,Dota 2,July,2022,45268112,618363,337927,1428,47049,60926,832,73.20999908,July 2022
10,Slots,July,2022,45004648,111287,284606,249,8558,60571,149,404.3999939,July 2022
1,Just Chatting,August,2022,261887415,2982548,1068622,10463,592053,352472,4014,87.80999756,August 2022
2,League of Legends,August,2022,133284504,2224676,854400,7219,222853,179386,2994,59.90999985,August 2022
3,Grand Theft Auto V,August,2022,130505568,2301954,727079,6992,290234,175646,3098,56.68999863,August 2022
4,VALORANT,August,2022,111366969,4224034,721411,13550,451029,149888,5685,26.37000084,August 2022
5,Minecraft,August,2022,92029077,2156558,813879,6347,440525,123861,2902,42.66999817,August 2022
6,Apex Legends,August,2022,57061119,3823308,245792,11461,429428,76798,5145,14.92000008,August 2022
7,Dota 2,August,2022,56810142,651161,666026,1514,49178,76460,876,87.23999786,August 2022
8,Slots,August,2022,50783493,116912,202211,429,8969,68349,157,434.3699951,August 2022
9,Fortnite,August,2022,45169240,3773479,230914,11312,719684,60793,5078,11.97000027,August 2022
10,Counter-Strike: Global Offensive,August,2022,42556325,876860,313850,2220,133460,57276,1180,48.52999878,August 2022
1,Just Chatting,September,2022,249025325,2874872,859041,6280,529973,346349,3998,86.62000275,September 2022
2,VALORANT,September,2022,127153372,3949200,1197406,7885,424130,176847,5492,32.20000076,September 2022
3,League of Legends,September,2022,114539360,2152783,1026764,4447,214447,159303,2994,53.20999908,September 2022
4,Grand Theft Auto V,September,2022,104592542,1963917,411106,5050,222758,145469,2731,53.25999832,September 2022
5,Minecraft,September,2022,62701361,1564840,609250,4085,325977,87206,2176,40.06999969,September 2022
6,Counter-Strike: Global Offensive,September,2022,58486237,797252,454739,2128,119721,81343,1108,73.36000061,September 2022
7,Dota 2,September,2022,47549018,680665,290187,1838,48411,66132,946,69.86000061,September 2022
8,Apex Legends,September,2022,47392052,3142921,176456,6887,367815,65913,4371,15.07999992,September 2022
9,World of Warcraft,September,2022,45288384,1052474,388768,7095,64551,62988,1463,43.02999878,September 2022
10,Fortnite,September,2022,40234527,3455199,363863,11944,653659,55959,4805,11.64000034,September 2022
1,Just Chatting,October,2022,242960233,2945016,741825,6112,521547,326998,3963,82.5,October 2022
2,League of Legends,October,2022,159646745,2036314,1594928,4506,204092,214867,2740,78.40000153,October 2022
3,Overwatch 2,October,2022,139453660,4110313,633993,12678,577877,187689,5532,33.93000031,October 2022
4,Grand Theft Auto V,October,2022,96510973,1893089,365285,4770,214323,129893,2547,50.97999954,October 2022
5,Dota 2,October,2022,83032166,656224,1037857,1845,50170,111752,883,126.5299988,October 2022
6,VALORANT,October,2022,70045411,3399059,283710,7662,377910,94273,4574,20.61000061,October 2022
7,FIFA 23,October,2022,61232435,1098251,368397,4143,168933,82412,1478,55.75,October 2022
8,Counter-Strike: Global Offensive,October,2022,56602588,762067,681874,1993,110356,76181,1025,74.27999878,October 2022
9,Minecraft,October,2022,43572213,1363609,603830,3537,284660,58643,1835,31.95000076,October 2022
10,World of Warcraft,October,2022,33151997,913813,146514,3166,61314,44619,1229,36.27999878,October 2022
1,Just Chatting,November,2022,239755926,2671266,809381,6480,469749,333457,3715,89.75,November 2022
2,Grand Theft Auto V,November,2022,99456990,1697560,550680,4642,196976,138326,2361,58.59000015,November 2022
3,League of Legends,November,2022,92645258,1851622,3145012,4184,195040,128852,2575,50.02999878,November 2022
4,Counter-Strike: Global Offensive,November,2022,86942107,666047,1313814,1983,106614,120920,926,130.5299988,November 2022
5,VALORANT,November,2022,67635264,2812647,285380,6277,322363,94068,3911,24.04999924,November 2022
6,Call of Duty: Warzone,November,2022,49288753,1864906,618010,12842,258226,68551,2593,26.43000031,November 2022
7,Overwatch 2,November,2022,47612487,2062043,227679,5768,333466,66220,2867,23.09000015,November 2022
8,Minecraft,November,2022,44286836,1274540,358027,3663,264195,61595,1772,34.75,November 2022
9,World of Warcraft,November,2022,43377335,904646,800359,12297,65545,60330,1258,47.95000076,November 2022
10,Call of Duty: Modern Warfare II,November,2022,43125613,4935168,224500,18815,599654,59979,6863,8.739999771,November 2022
1,Just Chatting,December,2022,254521690,2801321,992439,7645,468778,342559,3770,90.86000061,December 2022
2,Grand Theft Auto V,December,2022,96945210,1835903,426230,6649,231641,130478,2470,52.81000137,December 2022
3,World of Warcraft,December,2022,75048722,1194229,308544,4857,73006,101007,1607,62.84000015,December 2022
4,League of Legends,December,2022,69883580,1725112,232769,5404,189348,94055,2321,40.50999832,December 2022
5,VALORANT,December,2022,63821561,2771997,239228,8050,324189,85897,3730,23.02000046,December 2022
6,Call of Duty: Warzone,December,2022,51311101,1745461,174886,5334,190975,69059,2349,29.39999962,December 2022
7,Fortnite,December,2022,47147947,4059928,1024567,60854,827595,63456,5464,11.60999966,December 2022
8,Overwatch 2,December,2022,43060315,1594283,219889,4896,255319,57954,2145,27.01000023,December 2022
9,Escape from Tarkov,December,2022,39940311,517048,533551,5312,40598,53755,695,77.25,December 2022
10,Minecraft,December,2022,33978183,1308601,323874,4347,288342,45731,1761,25.96999931,December 2022
1,Just Chatting,January,2023,264212906,2948218,939942,6063,505166,355602,3967,89.62000275,January 2023
2,League of Legends,January,2023,126494155,2363972,640837,6356,231482,170247,3181,53.50999832,January 2023
3,Escape from Tarkov,January,2023,113747925,1285153,563955,3070,67164,153092,1729,88.51000214,January 2023
4,Grand Theft Auto V,January,2023,111789032,2132991,528554,5377,256128,150456,2870,52.40999985,January 2023
5,VALORANT,January,2023,80943179,3753614,533382,8784,400204,108941,5051,21.55999947,January 2023
6,Minecraft,January,2023,72872812,1741344,684097,4833,371151,98079,2343,41.84999847,January 2023
7,Dota 2,January,2023,43317513,628986,238148,1544,51212,58300,846,68.87000275,January 2023
8,Fortnite,January,2023,42715772,4040480,268831,10921,810984,57490,5438,10.56999969,January 2023
9,Call of Duty: Warzone,January,2023,39731854,1577350,178914,3823,152960,53474,2122,25.19000053,January 2023
10,Counter-Strike: Global Offensive,January,2023,39153067,836436,325890,2315,126395,52695,1125,46.81000137,January 2023
1,Just Chatting,February,2023,264071479,2654550,1096326,8310,471645,393549,3956,99.48000336,February 2023
2,League of Legends,February,2023,112897378,2009279,621379,5544,206265,168252,2994,56.18999863,February 2023
3,Grand Theft Auto V,February,2023,90820904,1820356,467866,5303,219688,135351,2712,49.88999939,February 2023
4,VALORANT,February,2023,90542265,3198413,726751,9350,362540,134936,4766,28.30999947,February 2023
5,Hogwarts Legacy,February,2023,75887135,3567556,1249796,29306,376515,113095,5316,21.27000046,February 2023
6,Counter-Strike: Global Offensive,February,2023,54680222,810501,586084,2348,119258,81490,1207,67.45999908,February 2023
7,Apex Legends,February,2023,43003268,2820924,423131,8036,343344,64088,4204,15.23999977,February 2023
8,Minecraft,February,2023,40445071,1558034,1702513,4820,341356,60275,2321,25.95999908,February 2023
9,Fortnite,February,2023,37811579,3481638,234461,10117,702379,56351,5188,10.85999966,February 2023
10,Dota 2,February,2023,37686338,561063,322405,1998,47509,56164,836,67.16999817,February 2023
1,Just Chatting,March,2023,274027644,2925605,1183419,6220,495201,368812,3937,93.66999817,March 2023
2,League of Legends,March,2023,123088070,2204299,565937,4736,214209,165663,2966,55.84000015,March 2023
3,Grand Theft Auto V,March,2023,111560661,2011349,510842,5299,229429,150148,2707,55.47000122,March 2023
4,VALORANT,March,2023,96913750,3845475,1196352,7612,405553,130435,5175,25.20000076,March 2023
5,Counter-Strike: Global Offensive,March,2023,65844705,1005456,889692,3035,156919,88620,1353,65.48999786,March 2023
6,Minecraft,March,2023,55692185,1553855,1621931,4140,337046,74955,2091,35.84000015,March 2023
7,Dota 2,March,2023,49367928,646613,400531,1711,52513,66444,870,76.34999847,March 2023
8,Fortnite,March,2023,42256437,4254764,461687,14426,812797,56872,5726,9.930000305,March 2023
9,Apex Legends,March,2023,41478301,2877848,165587,5545,336338,55825,3873,14.40999985,March 2023
10,Diablo IV,March,2023,28940607,499584,954905,9582,84050,38951,672,57.93000031,March 2023
